#
# There is insufficient memory for the Java Runtime Environment to continue.
# Native memory allocation (malloc) failed to allocate 2097152 bytes. Error detail: AllocateHeap
# Possible reasons:
#   The system is out of physical RAM or swap space
#   This process is running with CompressedOops enabled, and the Java Heap may be blocking the growth of the native heap
# Possible solutions:
#   Reduce memory load on the system
#   Increase physical memory or swap space
#   Check if swap backing store is full
#   Decrease Java heap size (-Xmx/-Xms)
#   Decrease number of Java threads
#   Decrease Java thread stack sizes (-Xss)
#   Set larger code cache with -XX:ReservedCodeCacheSize=
#   JVM is running with Unscaled Compressed Oops mode in which the Java heap is
#     placed in the first 4GB address space. The Java Heap base address is the
#     maximum limit for the native heap growth. Please use -XX:HeapBaseMinAddress
#     to set the Java Heap base and to place the Java Heap above 4GB virtual address.
# This output file may be truncated or incomplete.
#
#  Out of Memory Error (allocation.cpp:44), pid=26392, tid=28732
#
# JRE version: OpenJDK Runtime Environment JBR-21.0.8+1-1038.72-jcef (21.0.8+1) (build 21.0.8+1-b1038.72)
# Java VM: OpenJDK 64-Bit Server VM JBR-21.0.8+1-1038.72-jcef (21.0.8+1-b1038.72, mixed mode, sharing, tiered, compressed oops, compressed class ptrs, g1 gc, windows-amd64)
# No core dump will be written. Minidumps are not enabled by default on client versions of Windows
#

---------------  S U M M A R Y ------------

Command Line: abort vfprintf -XX:ErrorFile=C:\Users\Li'ang'C'hen\java_error_in_rider_%p.log -XX:HeapDumpPath=C:\Users\Li'ang'C'hen\java_error_in_rider.hprof -Xms128m -Xmx2048m -XX:JbrShrinkingGcMaxHeapFreeRatio=40 -XX:ReservedCodeCacheSize=512m -XX:+HeapDumpOnOutOfMemoryError -XX:-OmitStackTraceInFastThrow -XX:CICompilerCount=2 -XX:+IgnoreUnrecognizedVMOptions -XX:+UnlockDiagnosticVMOptions -XX:TieredOldPercentage=100000 -ea -Dsun.io.useCanonCaches=false -Dsun.java2d.metal=true -Djbr.catch.SIGABRT=true -Djdk.http.auth.tunneling.disabledSchemes="" -Djdk.attach.allowAttachSelf=true -Djdk.module.illegalAccess.silent=true -Djdk.nio.maxCachedBufferSize=2097152 -Djava.util.zip.use.nio.for.zip.file.access=true -Dkotlinx.coroutines.debug=off -Djava.nio.file.spi.DefaultFileSystemProvider=com.intellij.platform.core.nio.fs.MultiRoutingFileSystemProvider -Dllm.show.ai.promotion.window.on.start=false -Xms128m -Xmx1024m -XX:ReservedCodeCacheSize=512m -XX:+IgnoreUnrecognizedVMOptions -XX:+UseG1GC -XX:SoftRefLRUPolicyMSPerMB=50 -XX:CICompilerCount=2 -XX:+HeapDumpOnOutOfMemoryError -XX:-OmitStackTraceInFastThrow -ea -Dsun.io.useCanonCaches=false -Djdk.http.auth.tunneling.disabledSchemes="" -Djdk.attach.allowAttachSelf=true -Djdk.module.illegalAccess.silent=true -Dkotlinx.coroutines.debug=off -XX:ErrorFile=$USER_HOME/java_error_in_idea_%p.log -XX:HeapDumpPath=$USER_HOME/java_error_in_idea.hprof --add-opens=java.base/jdk.internal.org.objectweb.asm=ALL-UNNAMED --add-opens=java.base/jdk.internal.org.objectweb.asm.tree=ALL-UNNAMED -javaagent:D:\application\DataGrip 2024.1.1\Crack\jetbra\ja-netfilter.jar=jetbrains -Djb.vmOptionsFile=D:\application\DataGrip 2024.1.1\Crack\jetbra\vmoptions\rider.vmoptions -Xbootclasspath/a:D:\application\JetBrains Rider 2025.2.3\lib\nio-fs.jar -Djava.system.class.loader=com.intellij.util.lang.PathClassLoader -Didea.vendor.name=JetBrains -Didea.paths.selector=Rider2025.2 -Djna.boot.library.path=D:\application\JetBrains Rider 2025.2.3/lib/jna/amd64 -Djna.nosys=true -Djna.noclasspath=true -Dpty4j.preferred.native.folder=D:\application\JetBrains Rider 2025.2.3/lib/pty4j -Dio.netty.allocator.type=pooled -Dintellij.platform.runtime.repository.path=D:\application\JetBrains Rider 2025.2.3/modules/module-descriptors.dat -Didea.platform.prefix=Rider -Dwsl.use.remote.agent.for.nio.filesystem=true -Djava.nio.file.spi.DefaultFileSystemProvider=com.intellij.platform.core.nio.fs.MultiRoutingFileSystemProvider -Dide.native.launcher=true -Didea.class.before.app=com.jetbrains.rider.protocol.EarlyBackendStarter -Didea.show.customize.ide.wizard=true -DFilePageCache.THROW_ERROR_ON_DUPLICATE_STORAGE_REGISTRATION=false -Dsplash=true -Daether.connector.resumeDownloads=false -Dcompose.swing.render.on.graphics=true --add-opens=java.base/java.io=ALL-UNNAMED --add-opens=java.base/java.lang=ALL-UNNAMED --add-opens=java.base/java.lang.ref=ALL-UNNAMED --add-opens=java.base/java.lang.reflect=ALL-UNNAMED --add-opens=java.base/java.net=ALL-UNNAMED --add-opens=java.base/java.nio=ALL-UNNAMED --add-opens=java.base/java.nio.charset=ALL-UNNAMED --add-opens=java.base/java.text=ALL-UNNAMED --add-opens=java.base/java.time=ALL-UNNAMED --add-opens=java.base/java.util=ALL-UNNAMED --add-opens=java.base/java.util.concurrent=ALL-UNNAMED --add-opens=java.base/java.util.concurrent.atomic=ALL-UNNAMED --add-opens=java.base/java.util.concurrent.locks=ALL-UNNAMED --add-opens=java.base/jdk.internal.vm=ALL-UNNAMED --add-opens=java.base/sun.net.dns=ALL-UNNAMED --add-opens=java.base/sun.nio.ch=ALL-UNNAMED --add-opens=java.base/sun.nio.fs=ALL-UNNAMED --add-opens=java.base/sun.security.ssl=ALL-UNNAMED --add-opens=java.base/sun.security.util=ALL-UNNAMED --add-opens=java.desktop/com.sun.java.swing=ALL-UNNAMED --add-opens=java.desktop/java.awt=ALL-UNNAMED --add-opens=java.desktop/java.awt.dnd.peer=ALL-UNNAMED --add-opens=java.desktop/java.awt.event=ALL-UNNAMED --add-opens=java.desktop/java.awt.font=ALL-UNNAMED --add-opens=java.desktop/java.awt.image=ALL-UNNAMED --add-opens=java.desktop/java.awt.peer=ALL-UNNAMED --add-opens=java.desktop/javax.swing=ALL-UNNAMED --add-opens=java.desktop/javax.swing.plaf.basic=ALL-UNNAMED --add-opens=java.desktop/javax.swing.text=ALL-UNNAMED --add-opens=java.desktop/javax.swing.text.html=ALL-UNNAMED --add-opens=java.desktop/javax.swing.text.html.parser=ALL-UNNAMED --add-opens=java.desktop/sun.awt=ALL-UNNAMED --add-opens=java.desktop/sun.awt.datatransfer=ALL-UNNAMED --add-opens=java.desktop/sun.awt.image=ALL-UNNAMED --add-opens=java.desktop/sun.awt.windows=ALL-UNNAMED --add-opens=java.desktop/sun.font=ALL-UNNAMED --add-opens=java.desktop/sun.java2d=ALL-UNNAMED --add-opens=java.desktop/sun.swing=ALL-UNNAMED --add-opens=java.management/sun.management=ALL-UNNAMED --add-opens=jdk.attach/sun.tools.attach=ALL-UNNAMED --add-opens=jdk.compiler/com.sun.tools.javac.api=ALL-UNNAMED --add-opens=jdk.internal.jvmstat/sun.jvmstat.monitor=ALL-UNNAMED --add-opens=jdk.jdi/com.sun.tools.jdi=ALL-UNNAMED -Dide.native.launcher=true -Djcef.sandbox.ptr=000002655494A3F0 -Djcef.sandbox.cefVersion=122.1.9+gd14e051+chromium-122.0.6261.94 com.intellij.idea.Main D:\data\code\Unity\Project\ARPG demo\ARPG demo.sln --line -1 --column -1 D:\data\code\Unity\Project\ARPG demo\Assets\Scrips\StateMachine\IState.cs

Host: AMD Ryzen 7 8845H w/ Radeon 780M Graphics, 16 cores, 15G,  Windows 11 , 64 bit Build 22621 (10.0.22621.3958)
Time: Sun Feb 15 10:04:15 2026 elapsed time: 59846.392775 seconds (0d 16h 37m 26s)

---------------  T H R E A D  ---------------

Current thread (0x000002657fba47d0):  VMThread "VM Thread"          [id=28732, stack(0x000000d990000000,0x000000d990100000) (1024K)]

Stack: [0x000000d990000000,0x000000d990100000]
Native frames: (J=compiled Java code, j=interpreted, Vv=VM code, C=native code)
V  [jvm.dll+0x6ebeb9]
V  [jvm.dll+0x8cbec3]
V  [jvm.dll+0x8ce47e]
V  [jvm.dll+0x8ceb63]
V  [jvm.dll+0x28adf6]
V  [jvm.dll+0xc16b7]
V  [jvm.dll+0x35717e]
V  [jvm.dll+0x350a1e]
V  [jvm.dll+0x338b79]
V  [jvm.dll+0x37ceaa]
V  [jvm.dll+0x8d48e8]
V  [jvm.dll+0x8d5c64]
V  [jvm.dll+0x8d61a0]
V  [jvm.dll+0x8d6433]
V  [jvm.dll+0x873a78]
V  [jvm.dll+0x6ea63d]
C  [ucrtbase.dll+0x29333]
C  [KERNEL32.DLL+0x1257d]
C  [ntdll.dll+0x5af28]

VM_Operation (0x000000d99a11ebd0): G1CollectFull, mode: safepoint, requested by thread 0x0000026653fdb9b0


---------------  P R O C E S S  ---------------

Threads class SMR info:
_java_thread_list=0x00000265c35c9720, length=162, elements={
0x0000026556e42100, 0x000002657fbb4cf0, 0x000002657fbba1c0, 0x000002657fbba830,
0x000002657fbc5d50, 0x000002657fbca7d0, 0x000002657fbcce50, 0x000002657fbce460,
0x000002654602a500, 0x000002654602bfd0, 0x00000265a63c68b0, 0x00000265a63c5500,
0x00000265a7f066c0, 0x00000265a7f094b0, 0x00000265a7f08100, 0x00000265a7f073e0,
0x00000265a7f08e20, 0x00000265a7f09b40, 0x00000265a7f0b580, 0x00000265a8840860,
0x00000265a883f4b0, 0x00000265a88398d0, 0x00000265a8c40c40, 0x00000265aaf32530,
0x00000265aaf33250, 0x00000265aaf359b0, 0x00000265ab1f5a20, 0x00000265c66242f0,
0x0000026620d98c90, 0x0000026620d999b0, 0x000002662ae715b0, 0x000002662ae798f0,
0x000002662d354640, 0x000002662d3511c0, 0x000002662d358150, 0x000002662d35c2f0,
0x00000265aaf338e0, 0x000002663fff04d0, 0x000002663fff2c30, 0x0000026642daacd0,
0x0000026642db22f0, 0x0000026647b7f660, 0x0000026658b323a0, 0x0000026658b42a20,
0x0000026658b3db60, 0x000002665e5c2fe0, 0x000002665e898930, 0x000002665e898fc0,
0x000002665e899650, 0x000002665eaec9f0, 0x0000026652d76470, 0x000002665eaea920,
0x000002665efe0940, 0x000002666be4eb10, 0x000002666bf03aa0, 0x000002666e0b86b0,
0x0000026669569460, 0x00000265ac765130, 0x00000265af59ce90, 0x0000026663962b10,
0x000002666bbd9600, 0x000002666e4c3090, 0x000002666e318750, 0x00000265b4caf360,
0x0000026669c94500, 0x000002666bf02060, 0x00000265b621e9f0, 0x00000265acb03f50,
0x00000265b6220430, 0x00000265acaffdb0, 0x00000265c2b71e80, 0x00000265b8671860,
0x00000265b8672580, 0x00000265b866f100, 0x000002666b972430, 0x000002666d7719f0,
0x00000265bbd57f10, 0x00000265b7d64a90, 0x00000266696b2770, 0x00000265b6e89730,
0x00000265b78c0d30, 0x00000265bb675070, 0x00000265c1be2f50, 0x00000265c13dff70,
0x00000265c1be1ba0, 0x00000265b77c3860, 0x000002666d774150, 0x00000265b78c06a0,
0x00000265b78c2e00, 0x00000265bbd5ba20, 0x00000265bbd564d0, 0x00000265b7363ff0,
0x00000265b73653a0, 0x00000265b7365a30, 0x00000265b7369bd0, 0x00000265acb01160,
0x00000265b7367b00, 0x00000265ab7e8b00, 0x00000265ab7e7750, 0x00000265c2b72510,
0x00000265c2b738c0, 0x000002666d772710, 0x00000265c3ef0bb0, 0x00000265c3ef1240,
0x00000265b7188500, 0x00000265b7eb4d80, 0x000002666db04550, 0x00000265b6d00530,
0x00000266695680b0, 0x00000265c1be28c0, 0x00000265c1be07f0, 0x00000265b83c8490,
0x00000265c32d6af0, 0x00000265c359e450, 0x00000265c2c0e580, 0x00000265b7364680,
0x00000265c3e33890, 0x00000265b77c1e20, 0x00000265c18bbb90, 0x00000265b7091d90,
0x00000265c2c0c4b0, 0x000002666ed189d0, 0x00000265b7a80810, 0x00000265b621cfb0,
0x0000026653fdb9b0, 0x00000265b7369540, 0x00000265b78bf980, 0x00000265b621d640,
0x00000265b6d01f70, 0x00000265c18bc220, 0x000002666141de00, 0x00000265c3e345b0,
0x00000265af59dbb0, 0x00000265c2c10650, 0x00000265c18bf010, 0x00000265b6d018e0,
0x00000265b6d00bc0, 0x00000265b78c13c0, 0x0000026653fdb320, 0x000002666bf026f0,
0x00000265b6d02600, 0x00000265b78c3490, 0x00000265b78c2770, 0x00000265c18be2f0,
0x0000026658b430b0, 0x00000265b7368eb0, 0x00000265c359d730, 0x00000265c37241d0,
0x0000026653fdc6d0, 0x00000265c2c0d860, 0x000002666bbd3520, 0x00000265b77c8db0,
0x00000265b7a828e0, 0x00000265c4551f90, 0x0000026658b47f70, 0x00000265b8695dc0,
0x00000265c4552620, 0x000002666bbd48d0, 0x000002666bbd4f60, 0x000002666bbd2170,
0x0000026658b40fe0, 0x00000265b8696ae0
}

Java Threads: ( => current thread )
  0x0000026556e42100 JavaThread "main"                              [_thread_blocked, id=29084, stack(0x000000d98f800000,0x000000d98fa00000) (2048K)]
  0x000002657fbb4cf0 JavaThread "Common-Cleaner"             daemon [_thread_blocked, id=14852, stack(0x000000d990100000,0x000000d990200000) (1024K)]
  0x000002657fbba1c0 JavaThread "Reference Handler"          daemon [_thread_blocked, id=28064, stack(0x000000d990200000,0x000000d990300000) (1024K)]
  0x000002657fbba830 JavaThread "Finalizer"                  daemon [_thread_blocked, id=25640, stack(0x000000d990300000,0x000000d990400000) (1024K)]
  0x000002657fbc5d50 JavaThread "Signal Dispatcher"          daemon [_thread_blocked, id=28684, stack(0x000000d990400000,0x000000d990500000) (1024K)]
  0x000002657fbca7d0 JavaThread "Attach Listener"            daemon [_thread_blocked, id=13348, stack(0x000000d990500000,0x000000d990600000) (1024K)]
  0x000002657fbcce50 JavaThread "Service Thread"             daemon [_thread_blocked, id=29120, stack(0x000000d990600000,0x000000d990700000) (1024K)]
  0x000002657fbce460 JavaThread "Monitor Deflation Thread"   daemon [_thread_blocked, id=19192, stack(0x000000d990700000,0x000000d990800000) (1024K)]
  0x000002654602a500 JavaThread "C2 CompilerThread0"         daemon [_thread_blocked, id=29804, stack(0x000000d990800000,0x000000d990900000) (1024K)]
  0x000002654602bfd0 JavaThread "C1 CompilerThread0"         daemon [_thread_blocked, id=24004, stack(0x000000d990900000,0x000000d990a00000) (1024K)]
  0x00000265a63c68b0 JavaThread "Notification Thread"        daemon [_thread_blocked, id=19044, stack(0x000000d990a00000,0x000000d990b00000) (1024K)]
  0x00000265a63c5500 JavaThread "DefaultDispatcher-worker-4" daemon [_thread_in_native, id=31060, stack(0x000000d991500000,0x000000d991600000) (1024K)]
  0x00000265a7f066c0 JavaThread "Java2D Disposer"            daemon [_thread_blocked, id=28368, stack(0x000000d992200000,0x000000d992300000) (1024K)]
  0x00000265a7f094b0 JavaThread "AWT-Shutdown"                      [_thread_blocked, id=796, stack(0x000000d992300000,0x000000d992400000) (1024K)]
  0x00000265a7f08100 JavaThread "AWT-Windows"                daemon [_thread_in_native, id=31564, stack(0x000000d992400000,0x000000d992500000) (1024K)]
  0x00000265a7f073e0 JavaThread "External Command Listener"  daemon [_thread_in_native, id=23936, stack(0x000000d992500000,0x000000d992600000) (1024K)]
  0x00000265a7f08e20 JavaThread "AWT-EventQueue-0"                  [_thread_blocked, id=28136, stack(0x000000d992600000,0x000000d992700000) (1024K)]
  0x00000265a7f09b40 JavaThread "kotlinx.coroutines.DefaultExecutor" daemon [_thread_blocked, id=21288, stack(0x000000d992700000,0x000000d992800000) (1024K)]
  0x00000265a7f0b580 JavaThread "Kernel event loop thread hrmg453n0t778nb86tlo" daemon [_thread_blocked, id=6988, stack(0x000000d992800000,0x000000d992900000) (1024K)]
  0x00000265a8840860 JavaThread "EarlyStartServerWire/Sender" daemon [_thread_blocked, id=23312, stack(0x000000d993000000,0x000000d993100000) (1024K)]
  0x00000265a883f4b0 JavaThread "EarlyStartServerWire"       daemon [_thread_in_native, id=29472, stack(0x000000d993100000,0x000000d993200000) (1024K)]
  0x00000265a88398d0 JavaThread "SerializersBackgroundRegistrar" daemon [_thread_blocked, id=11228, stack(0x000000d993200000,0x000000d993300000) (1024K)]
  0x00000265a8c40c40 JavaThread "DefaultDispatcher-worker-15" daemon [_thread_in_native, id=6464, stack(0x000000d993300000,0x000000d993400000) (1024K)]
  0x00000265aaf32530 JavaThread "Program"                           [_thread_in_native, id=29908, stack(0x000000d994100000,0x000000d994200000) (1024K)]
  0x00000265aaf33250 JavaThread "BaseDataReader: output stream of Program"        [_thread_in_native, id=11124, stack(0x000000d994200000,0x000000d994300000) (1024K)]
  0x00000265aaf359b0 JavaThread "BaseDataReader: error stream of Program"        [_thread_in_native, id=21152, stack(0x000000d994300000,0x000000d994400000) (1024K)]
  0x00000265ab1f5a20 JavaThread "PeriodicMetricReader"       daemon [_thread_blocked, id=29828, stack(0x000000d994500000,0x000000d994600000) (1024K)]
  0x00000265c66242f0 JavaThread "Coroutines Debugger Cleaner" daemon [_thread_blocked, id=31444, stack(0x000000d994600000,0x000000d994700000) (1024K)]
  0x0000026620d98c90 JavaThread "Periodic tasks thread"      daemon [_thread_blocked, id=24112, stack(0x000000d994700000,0x000000d994800000) (1024K)]
  0x0000026620d999b0 JavaThread "pool-4-thread-1"                   [_thread_blocked, id=28576, stack(0x000000d994900000,0x000000d994a00000) (1024K)]
  0x000002662ae715b0 JavaThread "JNA Cleaner"                daemon [_thread_blocked, id=31384, stack(0x000000d994a00000,0x000000d994b00000) (1024K)]
  0x000002662ae798f0 JavaThread "BackgroundScheduler"        daemon [_thread_blocked, id=25952, stack(0x000000d994b00000,0x000000d994c00000) (1024K)]
  0x000002662d354640 JavaThread "Netty Builtin Server 1"     daemon [_thread_in_native, id=16076, stack(0x000000d994c00000,0x000000d994d00000) (1024K)]
  0x000002662d3511c0 JavaThread "embeddings-server"                 [_thread_in_native, id=20132, stack(0x000000d995000000,0x000000d995100000) (1024K)]
  0x000002662d358150 JavaThread "Netty Station Client 1-1"   daemon [_thread_in_native, id=18932, stack(0x000000d995100000,0x000000d995200000) (1024K)]
  0x000002662d35c2f0 JavaThread "Windows Shell integration"  daemon [_thread_blocked, id=29168, stack(0x000000d995200000,0x000000d995300000) (1024K)]
  0x00000265aaf338e0 JavaThread "fsnotifier.exe"                    [_thread_in_native, id=30244, stack(0x000000d995900000,0x000000d995a00000) (1024K)]
  0x000002663fff04d0 JavaThread "BaseDataReader: output stream of fsnotifier.exe"        [_thread_blocked, id=7904, stack(0x000000d995a00000,0x000000d995b00000) (1024K)]
  0x000002663fff2c30 JavaThread "BaseDataReader: error stream of fsnotifier.exe"        [_thread_in_native, id=5084, stack(0x000000d995b00000,0x000000d995c00000) (1024K)]
  0x0000026642daacd0 JavaThread "HttpClient-1-SelectorManager" daemon [_thread_in_native, id=29768, stack(0x000000d995c00000,0x000000d995d00000) (1024K)]
  0x0000026642db22f0 JavaThread "TimerQueue"                 daemon [_thread_blocked, id=5052, stack(0x000000d995f00000,0x000000d996000000) (1024K)]
  0x0000026647b7f660 JavaThread "Jndi-Dns-address-change-listener" daemon [_thread_in_native, id=31608, stack(0x000000d996200000,0x000000d996300000) (1024K)]
  0x0000026658b323a0 JavaThread "process reaper (pid 28128)" daemon [_thread_in_native, id=12360, stack(0x000000d98f1d0000,0x000000d98f1f0000) (128K)]
  0x0000026658b42a20 JavaThread "RenderDocClient::-9059354542351408266/Sender" daemon [_thread_blocked, id=26672, stack(0x000000d996600000,0x000000d996700000) (1024K)]
  0x0000026658b3db60 JavaThread "RenderDocClient::-9059354542351408266" daemon [_thread_in_native, id=21240, stack(0x000000d996700000,0x000000d996800000) (1024K)]
  0x000002665e5c2fe0 JavaThread "RenderDocPanel"             daemon [_thread_blocked, id=20092, stack(0x000000d996800000,0x000000d996900000) (1024K)]
  0x000002665e898930 JavaThread "JetBrains.DPA.Protocol.Backend_Server/Sender" daemon [_thread_blocked, id=5212, stack(0x000000d996c00000,0x000000d996d00000) (1024K)]
  0x000002665e898fc0 JavaThread "JetBrains.DPA.Protocol.Backend_Server" daemon [_thread_in_native, id=25112, stack(0x000000d996d00000,0x000000d996e00000) (1024K)]
  0x000002665e899650 JavaThread "JetBrains.DPA.Protocol.Backend_Render_Server/Sender" daemon [_thread_blocked, id=2912, stack(0x000000d996e00000,0x000000d996f00000) (1024K)]
  0x000002665eaec9f0 JavaThread "JetBrains.DPA.Protocol.Backend_Render_Server" daemon [_thread_in_native, id=29188, stack(0x000000d996f00000,0x000000d997000000) (1024K)]
  0x0000026652d76470 JavaThread "pool-7-thread-1"                   [_thread_blocked, id=31044, stack(0x000000d997000000,0x000000d997100000) (1024K)]
  0x000002665eaea920 JavaThread "Netty Station Client 1-2"   daemon [_thread_in_native, id=7992, stack(0x000000d994400000,0x000000d994500000) (1024K)]
  0x000002665efe0940 JavaThread "WorkspaceModelUpdater"      daemon [_thread_blocked, id=28712, stack(0x000000d997300000,0x000000d997400000) (1024K)]
  0x000002666be4eb10 JavaThread "Netty Station Server 1-1"   daemon [_thread_in_native, id=29068, stack(0x000000d99b100000,0x000000d99b200000) (1024K)]
  0x000002666bf03aa0 JavaThread "HttpClient-4-SelectorManager" daemon [_thread_in_native, id=28756, stack(0x000000d99b200000,0x000000d99b300000) (1024K)]
  0x000002666e0b86b0 JavaThread "JVMResponsivenessMonitor"   daemon [_thread_blocked, id=6320, stack(0x000000d99b400000,0x000000d99b500000) (1024K)]
  0x0000026669569460 JavaThread "BaseDataReader: error stream of embeddings-server"        [_thread_in_native, id=25072, stack(0x000000d99b700000,0x000000d99b800000) (1024K)]
  0x00000265ac765130 JavaThread "BaseDataReader: output stream of embeddings-server"        [_thread_in_native, id=31136, stack(0x000000d99b800000,0x000000d99b900000) (1024K)]
  0x00000265af59ce90 JavaThread "grpc-nio-worker-ELG-1-1"    daemon [_thread_in_native, id=12620, stack(0x000000d99b000000,0x000000d99b100000) (1024K)]
  0x0000026663962b10 JavaThread "grpc-nio-worker-ELG-1-2"    daemon [_thread_in_native, id=27880, stack(0x000000d99c800000,0x000000d99c900000) (1024K)]
  0x000002666bbd9600 JavaThread "ProtocolInstanceWatcher"           [_thread_blocked, id=12056, stack(0x000000d99d600000,0x000000d99d700000) (1024K)]
  0x000002666e4c3090 JavaThread "FileSystemWatchService"     daemon [_thread_in_native, id=23832, stack(0x000000d99d700000,0x000000d99d800000) (1024K)]
  0x000002666e318750 JavaThread "pool-8-thread-1"                   [_thread_blocked, id=28700, stack(0x000000d99d800000,0x000000d99d900000) (1024K)]
  0x00000265b4caf360 JavaThread "pool-9-thread-1"                   [_thread_blocked, id=22104, stack(0x000000d99d900000,0x000000d99da00000) (1024K)]
  0x0000026669c94500 JavaThread "HttpClient-7-SelectorManager" daemon [_thread_in_native, id=24360, stack(0x000000d990b00000,0x000000d990c00000) (1024K)]
  0x000002666bf02060 JavaThread "HttpClient-10-SelectorManager" daemon [_thread_in_native, id=21748, stack(0x000000d991f00000,0x000000d992000000) (1024K)]
  0x00000265b621e9f0 JavaThread "rd throttler"               daemon [_thread_blocked, id=30760, stack(0x000000d991700000,0x000000d991800000) (1024K)]
  0x00000265acb03f50 JavaThread "HttpClient-14-SelectorManager" daemon [_thread_in_native, id=18736, stack(0x000000d995500000,0x000000d995600000) (1024K)]
  0x00000265b6220430 JavaThread "HttpClient-15-SelectorManager" daemon [_thread_in_native, id=24136, stack(0x000000d995700000,0x000000d995800000) (1024K)]
  0x00000265acaffdb0 JavaThread "DefaultDispatcher-worker-2" daemon [_thread_blocked, id=30984, stack(0x000000d993c00000,0x000000d993d00000) (1024K)]
  0x00000265c2b71e80 JavaThread "DefaultDispatcher-worker-1" daemon [_thread_in_native, id=5912, stack(0x000000d993f00000,0x000000d994000000) (1024K)]
  0x00000265b8671860 JavaThread "IdIndex Writer #0"          daemon [_thread_blocked, id=25660, stack(0x000000d997e00000,0x000000d997f00000) (1024K)]
  0x00000265b8672580 JavaThread "Trigram.Index Writer #1"    daemon [_thread_blocked, id=26372, stack(0x000000d997f00000,0x000000d998000000) (1024K)]
  0x00000265b866f100 JavaThread "Aux Index Writer #1"        daemon [_thread_blocked, id=24796, stack(0x000000d998000000,0x000000d998100000) (1024K)]
  0x000002666b972430 JavaThread "Stubs Writer #2"                   [_thread_blocked, id=27312, stack(0x000000d998100000,0x000000d998200000) (1024K)]
  0x000002666d7719f0 JavaThread "grpc-nio-worker-ELG-1-3"    daemon [_thread_in_native, id=30104, stack(0x000000d98f600000,0x000000d98f700000) (1024K)]
  0x00000265bbd57f10 JavaThread "DefaultDispatcher-worker-6" daemon [_thread_in_native, id=31668, stack(0x000000d992100000,0x000000d992200000) (1024K)]
  0x00000265b7d64a90 JavaThread "grpc-nio-worker-ELG-1-4"    daemon [_thread_in_native, id=16008, stack(0x000000d991e00000,0x000000d991f00000) (1024K)]
  0x00000266696b2770 JavaThread "DefaultDispatcher-worker-16" daemon [_thread_blocked, id=16620, stack(0x000000d995800000,0x000000d995900000) (1024K)]
  0x00000265b6e89730 JavaThread "DefaultDispatcher-worker-11" daemon [_thread_blocked, id=22960, stack(0x000000d995d00000,0x000000d995e00000) (1024K)]
  0x00000265b78c0d30 JavaThread "DefaultDispatcher-worker-7" daemon [_thread_blocked, id=32608, stack(0x000000d994000000,0x000000d994100000) (1024K)]
  0x00000265bb675070 JavaThread "Program"                           [_thread_in_native, id=31732, stack(0x000000d993a00000,0x000000d993b00000) (1024K)]
  0x00000265c1be2f50 JavaThread "DefaultDispatcher-worker-23" daemon [_thread_in_native, id=32544, stack(0x000000d993b00000,0x000000d993c00000) (1024K)]
  0x00000265c13dff70 JavaThread "DefaultDispatcher-worker-3" daemon [_thread_blocked, id=8804, stack(0x000000d996100000,0x000000d996200000) (1024K)]
  0x00000265c1be1ba0 JavaThread "DefaultDispatcher-worker-21" daemon [_thread_blocked, id=10420, stack(0x000000d997200000,0x000000d997300000) (1024K)]
  0x00000265b77c3860 JavaThread "grpc-nio-worker-ELG-1-5"    daemon [_thread_in_native, id=21068, stack(0x000000d997c00000,0x000000d997d00000) (1024K)]
  0x000002666d774150 JavaThread "grpc-nio-worker-ELG-1-6"    daemon [_thread_in_native, id=7060, stack(0x000000d997d00000,0x000000d997e00000) (1024K)]
  0x00000265b78c06a0 JavaThread "FrontendToBackend/Sender"   daemon [_thread_blocked, id=29620, stack(0x000000d997b00000,0x000000d997c00000) (1024K)]
  0x00000265b78c2e00 JavaThread "FrontendToBackend"          daemon [_thread_in_native, id=27936, stack(0x000000d998500000,0x000000d998600000) (1024K)]
  0x00000265bbd5ba20 JavaThread "BaseDataReader: output stream of Program"        [_thread_in_native, id=5308, stack(0x000000d998600000,0x000000d998700000) (1024K)]
  0x00000265bbd564d0 JavaThread "BaseDataReader: error stream of Program"        [_thread_in_native, id=22024, stack(0x000000d998700000,0x000000d998800000) (1024K)]
  0x00000265b7363ff0 JavaThread "JetBrains.DPA.Protocol.Backend_Server/Sender" daemon [_thread_blocked, id=30400, stack(0x000000d998a00000,0x000000d998b00000) (1024K)]
  0x00000265b73653a0 JavaThread "JetBrains.DPA.Protocol.Backend_Server" daemon [_thread_in_native, id=20156, stack(0x000000d998b00000,0x000000d998c00000) (1024K)]
  0x00000265b7365a30 JavaThread "JetBrains.DPA.Protocol.Backend_Render_Server/Sender" daemon [_thread_blocked, id=24660, stack(0x000000d998c00000,0x000000d998d00000) (1024K)]
  0x00000265b7369bd0 JavaThread "JetBrains.DPA.Protocol.Backend_Render_Server" daemon [_thread_in_native, id=2144, stack(0x000000d998d00000,0x000000d998e00000) (1024K)]
  0x00000265acb01160 JavaThread "process reaper (pid 19888)" daemon [_thread_in_native, id=23428, stack(0x000000d998e00000,0x000000d998e20000) (128K)]
  0x00000265b7367b00 JavaThread "DefaultDispatcher-worker-9" daemon [_thread_blocked, id=8504, stack(0x000000d998e20000,0x000000d998f20000) (1024K)]
  0x00000265ab7e8b00 JavaThread "RenderDocClient::-1937224905429186729/Sender" daemon [_thread_blocked, id=18192, stack(0x000000d998f20000,0x000000d999020000) (1024K)]
  0x00000265ab7e7750 JavaThread "RenderDocClient::-1937224905429186729" daemon [_thread_in_native, id=17576, stack(0x000000d999020000,0x000000d999120000) (1024K)]
  0x00000265c2b72510 JavaThread "RenderDocPanel"             daemon [_thread_blocked, id=19052, stack(0x000000d999120000,0x000000d999220000) (1024K)]
  0x00000265c2b738c0 JavaThread "pool-14-thread-1"                  [_thread_blocked, id=27124, stack(0x000000d999220000,0x000000d999320000) (1024K)]
  0x000002666d772710 JavaThread "DefaultDispatcher-worker-8" daemon [_thread_blocked, id=19328, stack(0x000000d999920000,0x000000d999a20000) (1024K)]
  0x00000265c3ef0bb0 JavaThread "pool-11-thread-1"                  [_thread_blocked, id=25692, stack(0x000000d999b20000,0x000000d999c20000) (1024K)]
  0x00000265c3ef1240 JavaThread "BackgroundScheduler"        daemon [_thread_blocked, id=12044, stack(0x000000d999c20000,0x000000d999d20000) (1024K)]
  0x00000265b7188500 JavaThread "WorkspaceModelUpdater"      daemon [_thread_blocked, id=5680, stack(0x000000d999f20000,0x000000d99a020000) (1024K)]
  0x00000265b7eb4d80 JavaThread "ProtocolInstanceWatcher"           [_thread_blocked, id=28972, stack(0x000000d99a620000,0x000000d99a720000) (1024K)]
  0x000002666db04550 JavaThread "FileSystemWatchService"     daemon [_thread_in_native, id=27268, stack(0x000000d99a720000,0x000000d99a820000) (1024K)]
  0x00000265b6d00530 JavaThread "pool-12-thread-1"                  [_thread_blocked, id=14836, stack(0x000000d99a920000,0x000000d99aa20000) (1024K)]
  0x00000266695680b0 JavaThread "pool-13-thread-1"                  [_thread_blocked, id=27380, stack(0x000000d99aa20000,0x000000d99ab20000) (1024K)]
  0x00000265c1be28c0 JavaThread "FrontendToClrStackWorker/Sender" daemon [_thread_blocked, id=21256, stack(0x000000d993d00000,0x000000d993e00000) (1024K)]
  0x00000265c1be07f0 JavaThread "FrontendToClrStackWorker"   daemon [_thread_blocked, id=8144, stack(0x000000d996900000,0x000000d996a00000) (1024K)]
  0x00000265b83c8490 JavaThread "pool-15-thread-1"                  [_thread_blocked, id=32508, stack(0x000000d999320000,0x000000d999420000) (1024K)]
  0x00000265c32d6af0 JavaThread "DefaultDispatcher-worker-26" daemon [_thread_blocked, id=15944, stack(0x000000d992000000,0x000000d992100000) (1024K)]
  0x00000265c359e450 JavaThread "DefaultDispatcher-worker-24" daemon [_thread_blocked, id=9388, stack(0x000000d993800000,0x000000d993900000) (1024K)]
  0x00000265c2c0e580 JavaThread "grpc-nio-worker-ELG-1-7"    daemon [_thread_in_native, id=29604, stack(0x000000d999720000,0x000000d999820000) (1024K)]
  0x00000265b7364680 JavaThread "DefaultDispatcher-worker-27" daemon [_thread_blocked, id=23272, stack(0x000000d98f500000,0x000000d98f600000) (1024K)]
  0x00000265c3e33890 JavaThread "DefaultDispatcher-worker-30" daemon [_thread_blocked, id=20884, stack(0x000000d991400000,0x000000d991500000) (1024K)]
  0x00000265b77c1e20 JavaThread "DefaultDispatcher-worker-31" daemon [_thread_blocked, id=19084, stack(0x000000d991800000,0x000000d991900000) (1024K)]
  0x00000265c18bbb90 JavaThread "DefaultDispatcher-worker-5" daemon [_thread_blocked, id=24820, stack(0x000000d993400000,0x000000d993500000) (1024K)]
  0x00000265b7091d90 JavaThread "DefaultDispatcher-worker-25" daemon [_thread_blocked, id=32380, stack(0x000000d993600000,0x000000d993700000) (1024K)]
  0x00000265c2c0c4b0 JavaThread "DefaultDispatcher-worker-29" daemon [_thread_blocked, id=30160, stack(0x000000d994e00000,0x000000d994f00000) (1024K)]
  0x000002666ed189d0 JavaThread "DefaultDispatcher-worker-17" daemon [_thread_blocked, id=12152, stack(0x000000d999820000,0x000000d999920000) (1024K)]
  0x00000265b7a80810 JavaThread "DefaultDispatcher-worker-14" daemon [_thread_blocked, id=16852, stack(0x000000d999a20000,0x000000d999b20000) (1024K)]
  0x00000265b621cfb0 JavaThread "DefaultDispatcher-worker-20" daemon [_thread_blocked, id=3436, stack(0x000000d999d20000,0x000000d999e20000) (1024K)]
  0x0000026653fdb9b0 JavaThread "DefaultDispatcher-worker-19" daemon [_thread_blocked, id=21424, stack(0x000000d99a020000,0x000000d99a120000) (1024K)]
  0x00000265b7369540 JavaThread "DefaultDispatcher-worker-18" daemon [_thread_blocked, id=6056, stack(0x000000d99a120000,0x000000d99a220000) (1024K)]
  0x00000265b78bf980 JavaThread "DefaultDispatcher-worker-28" daemon [_thread_blocked, id=30532, stack(0x000000d99a220000,0x000000d99a320000) (1024K)]
  0x00000265b621d640 JavaThread "grpc-nio-worker-ELG-1-8"    daemon [_thread_in_native, id=15064, stack(0x000000d990c00000,0x000000d990d00000) (1024K)]
  0x00000265b6d01f70 JavaThread "DefaultDispatcher-worker-32" daemon [_thread_blocked, id=22824, stack(0x000000d991d00000,0x000000d991e00000) (1024K)]
  0x00000265c18bc220 JavaThread "DefaultDispatcher-worker-33" daemon [_thread_blocked, id=10540, stack(0x000000d993500000,0x000000d993600000) (1024K)]
  0x000002666141de00 JavaThread "DefaultDispatcher-worker-35" daemon [_thread_blocked, id=25964, stack(0x000000d994f00000,0x000000d995000000) (1024K)]
  0x00000265c3e345b0 JavaThread "DefaultDispatcher-worker-37" daemon [_thread_blocked, id=25864, stack(0x000000d995300000,0x000000d995400000) (1024K)]
  0x00000265af59dbb0 JavaThread "grpc-nio-worker-ELG-1-9"    daemon [_thread_in_native, id=30552, stack(0x000000d991900000,0x000000d991a00000) (1024K)]
  0x00000265c2c10650 JavaThread "JobScheduler FJ pool 0/15"  daemon [_thread_blocked, id=11436, stack(0x000000d991a00000,0x000000d991b00000) (1024K)]
  0x00000265c18bf010 JavaThread "JobScheduler FJ pool 1/15"  daemon [_thread_blocked, id=27244, stack(0x000000d995600000,0x000000d995700000) (1024K)]
  0x00000265b6d018e0 JavaThread "JobScheduler FJ pool 2/15"  daemon [_thread_blocked, id=18500, stack(0x000000d995e00000,0x000000d995f00000) (1024K)]
  0x00000265b6d00bc0 JavaThread "JobScheduler FJ pool 3/15"  daemon [_thread_blocked, id=22804, stack(0x000000d996300000,0x000000d996400000) (1024K)]
  0x00000265b78c13c0 JavaThread "JobScheduler FJ pool 4/15"  daemon [_thread_blocked, id=25256, stack(0x000000d996400000,0x000000d996500000) (1024K)]
  0x0000026653fdb320 JavaThread "JobScheduler FJ pool 5/15"  daemon [_thread_blocked, id=4720, stack(0x000000d996500000,0x000000d996600000) (1024K)]
  0x000002666bf026f0 JavaThread "JobScheduler FJ pool 6/15"  daemon [_thread_blocked, id=25912, stack(0x000000d996a00000,0x000000d996b00000) (1024K)]
  0x00000265b6d02600 JavaThread "JobScheduler FJ pool 7/15"  daemon [_thread_blocked, id=31560, stack(0x000000d996b00000,0x000000d996c00000) (1024K)]
  0x00000265b78c3490 JavaThread "JobScheduler FJ pool 8/15"  daemon [_thread_blocked, id=26552, stack(0x000000d997100000,0x000000d997200000) (1024K)]
  0x00000265b78c2770 JavaThread "JobScheduler FJ pool 9/15"  daemon [_thread_blocked, id=19104, stack(0x000000d997400000,0x000000d997500000) (1024K)]
  0x00000265c18be2f0 JavaThread "JobScheduler FJ pool 11/15" daemon [_thread_blocked, id=17072, stack(0x000000d997600000,0x000000d997700000) (1024K)]
  0x0000026658b430b0 JavaThread "JobScheduler FJ pool 14/15" daemon [_thread_blocked, id=29512, stack(0x000000d997900000,0x000000d997a00000) (1024K)]
  0x00000265b7368eb0 JavaThread "ApplicationImpl pooled thread 362"        [_thread_blocked, id=31056, stack(0x000000d998400000,0x000000d998500000) (1024K)]
  0x00000265c359d730 JavaThread "grpc-nio-worker-ELG-1-10"   daemon [_thread_in_native, id=11192, stack(0x000000d999420000,0x000000d999520000) (1024K)]
  0x00000265c37241d0 JavaThread "grpc-nio-worker-ELG-1-11"   daemon [_thread_in_native, id=15160, stack(0x000000d999620000,0x000000d999720000) (1024K)]
  0x0000026653fdc6d0 JavaThread "DefaultDispatcher-worker-10" daemon [_thread_blocked, id=5584, stack(0x000000d998900000,0x000000d998a00000) (1024K)]
  0x00000265c2c0d860 JavaThread "DefaultDispatcher-worker-12" daemon [_thread_blocked, id=10028, stack(0x000000d99a320000,0x000000d99a420000) (1024K)]
  0x000002666bbd3520 JavaThread "DefaultDispatcher-worker-36" daemon [_thread_blocked, id=22776, stack(0x000000d99a520000,0x000000d99a620000) (1024K)]
  0x00000265b77c8db0 JavaThread "DefaultDispatcher-worker-22" daemon [_thread_blocked, id=22680, stack(0x000000d99a820000,0x000000d99a920000) (1024K)]
  0x00000265b7a828e0 JavaThread "DefaultDispatcher-worker-13" daemon [_thread_blocked, id=23720, stack(0x000000d99ab20000,0x000000d99ac20000) (1024K)]
  0x00000265c4551f90 JavaThread "DefaultDispatcher-worker-34" daemon [_thread_blocked, id=26100, stack(0x000000d99ac20000,0x000000d99ad20000) (1024K)]
  0x0000026658b47f70 JavaThread "HttpClient-771-SelectorManager" daemon [_thread_in_native, id=27132, stack(0x000000d991b00000,0x000000d991c00000) (1024K)]
  0x00000265b8695dc0 JavaThread "I/O pool 78"                       [_thread_blocked, id=3580, stack(0x000000d991600000,0x000000d991700000) (1024K)]
  0x00000265c4552620 JavaThread "ApplicationImpl pooled thread 365"        [_thread_blocked, id=18100, stack(0x000000d991c00000,0x000000d991d00000) (1024K)]
  0x000002666bbd48d0 JavaThread "ApplicationImpl pooled thread 366"        [_thread_blocked, id=20928, stack(0x000000d993700000,0x000000d993800000) (1024K)]
  0x000002666bbd4f60 JavaThread "ApplicationImpl pooled thread 367"        [_thread_blocked, id=32384, stack(0x000000d993900000,0x000000d993a00000) (1024K)]
  0x000002666bbd2170 JavaThread "ApplicationImpl pooled thread 368"        [_thread_blocked, id=8932, stack(0x000000d993e00000,0x000000d993f00000) (1024K)]
  0x0000026658b40fe0 JavaThread "ApplicationImpl pooled thread 369"        [_thread_blocked, id=14172, stack(0x000000d994800000,0x000000d994900000) (1024K)]
  0x00000265b8696ae0 JavaThread "ApplicationImpl pooled thread 370"        [_thread_blocked, id=31992, stack(0x000000d995400000,0x000000d995500000) (1024K)]
Total: 162

Other Threads:
=>0x000002657fba47d0 VMThread "VM Thread"                           [id=28732, stack(0x000000d990000000,0x000000d990100000) (1024K)]
  0x000002657fb966f0 WatcherThread "VM Periodic Task Thread"        [id=30892, stack(0x000000d98ff00000,0x000000d990000000) (1024K)]
  0x0000026556e80900 WorkerThread "GC Thread#0"                     [id=31108, stack(0x000000d98fa00000,0x000000d98fb00000) (1024K)]
  0x00000265a703bde0 WorkerThread "GC Thread#1"                     [id=14872, stack(0x000000d990d00000,0x000000d990e00000) (1024K)]
  0x00000265a703c590 WorkerThread "GC Thread#2"                     [id=3308, stack(0x000000d990e00000,0x000000d990f00000) (1024K)]
  0x00000265a70532f0 WorkerThread "GC Thread#3"                     [id=29452, stack(0x000000d990f00000,0x000000d991000000) (1024K)]
  0x00000265a7022260 WorkerThread "GC Thread#4"                     [id=23024, stack(0x000000d991000000,0x000000d991100000) (1024K)]
  0x00000265a7022600 WorkerThread "GC Thread#5"                     [id=28980, stack(0x000000d991100000,0x000000d991200000) (1024K)]
  0x00000265a7023dc0 WorkerThread "GC Thread#6"                     [id=24420, stack(0x000000d991200000,0x000000d991300000) (1024K)]
  0x00000265a7024370 WorkerThread "GC Thread#7"                     [id=26236, stack(0x000000d991300000,0x000000d991400000) (1024K)]
  0x00000265a8701340 WorkerThread "GC Thread#8"                     [id=27076, stack(0x000000d992900000,0x000000d992a00000) (1024K)]
  0x00000265a8701a80 WorkerThread "GC Thread#9"                     [id=28924, stack(0x000000d992a00000,0x000000d992b00000) (1024K)]
  0x00000265a8700120 WorkerThread "GC Thread#10"                    [id=29852, stack(0x000000d992b00000,0x000000d992c00000) (1024K)]
  0x00000265a87016e0 WorkerThread "GC Thread#11"                    [id=22920, stack(0x000000d992c00000,0x000000d992d00000) (1024K)]
  0x00000265a86ff2a0 WorkerThread "GC Thread#12"                    [id=28464, stack(0x000000d992d00000,0x000000d992e00000) (1024K)]
  0x0000026556e8a340 ConcurrentGCThread "G1 Main Marker"            [id=26664, stack(0x000000d98fb00000,0x000000d98fc00000) (1024K)]
  0x0000026556e8b390 WorkerThread "G1 Conc#0"                       [id=13848, stack(0x000000d98fc00000,0x000000d98fd00000) (1024K)]
  0x00000265a86fef00 WorkerThread "G1 Conc#1"                       [id=19320, stack(0x000000d992e00000,0x000000d992f00000) (1024K)]
  0x00000265a86feb60 WorkerThread "G1 Conc#2"                       [id=7856, stack(0x000000d992f00000,0x000000d993000000) (1024K)]
  0x000002657fa56420 ConcurrentGCThread "G1 Refine#0"               [id=29932, stack(0x000000d98fd00000,0x000000d98fe00000) (1024K)]
  0x000002657fa5a870 ConcurrentGCThread "G1 Service"                [id=5268, stack(0x000000d98fe00000,0x000000d98ff00000) (1024K)]
Total: 21

Threads with active compile tasks:
Total: 0

VM state: at safepoint (normal execution)

VM Mutex/Monitor currently owned by a thread:  ([mutex/lock_event])
[0x00007ff9e96f7c58] Threads_lock - owner thread: 0x000002657fba47d0
[0x00007ff9e96f7d58] Heap_lock - owner thread: 0x0000026653fdb9b0

Heap address: 0x00000000c0000000, size: 1024 MB, Compressed Oops mode: 32-bit

CDS archive(s) mapped at: [0x0000026500000000-0x0000026501c00000-0x0000026501c00000), size 29360128, SharedBaseAddress: 0x0000026500000000, ArchiveRelocationMode: 1.
Compressed class space mapped at: 0x0000026502000000-0x0000026542000000, reserved size: 1073741824
Narrow klass base: 0x0000026500000000, Narrow klass shift: 0, Narrow klass range: 0x100000000

GC Precious Log:
 CardTable entry size: 512
 Card Set container configuration: InlinePtr #cards 5 size 8 Array Of Cards #cards 12 size 40 Howl #buckets 4 coarsen threshold 1843 Howl Bitmap #cards 512 size 80 coarsen threshold 460 Card regions per heap region 1 cards per card region 2048
 CPUs: 16 total, 16 available
 Memory: 15661M
 Large Page Support: Disabled
 NUMA Support: Disabled
 Compressed Oops: Enabled (32-bit)
 Heap Region Size: 1M
 Heap Min Capacity: 128M
 Heap Initial Capacity: 128M
 Heap Max Capacity: 1G
 Pre-touch: Disabled
 Parallel Workers: 13
 Concurrent Workers: 3
 Concurrent Refinement Workers: 13
 Periodic GC: Disabled

Heap:
 garbage-first heap   total 783360K, used 695281K [0x00000000c0000000, 0x0000000100000000)
  region size 1024K, 232 young (237568K), 8 survivors (8192K)
 Metaspace       used 446119K, committed 453376K, reserved 1507328K
  class space    used 54642K, committed 58048K, reserved 1048576K

Heap Regions: E=young(eden), S=young(survivor), O=old, HS=humongous(starts), HC=humongous(continues), CS=collection set, F=free, TAMS=top-at-mark-start, PB=parsable bottom
|   0|0x00000000c0000000, 0x00000000c0100000, 0x00000000c0100000|100%|HS|  |TAMS 0x00000000c0000000| PB 0x00000000c0000000| Complete 
|   1|0x00000000c0100000, 0x00000000c0200000, 0x00000000c0200000|100%|HS|  |TAMS 0x00000000c0100000| PB 0x00000000c0100000| Complete 
|   2|0x00000000c0200000, 0x00000000c0300000, 0x00000000c0300000|100%| O|  |TAMS 0x00000000c0200000| PB 0x00000000c0200000| Untracked 
|   3|0x00000000c0300000, 0x00000000c0400000, 0x00000000c0400000|100%|HS|  |TAMS 0x00000000c0300000| PB 0x00000000c0300000| Complete 
|   4|0x00000000c0400000, 0x00000000c0500000, 0x00000000c0500000|100%|HC|  |TAMS 0x00000000c0400000| PB 0x00000000c0400000| Complete 
|   5|0x00000000c0500000, 0x00000000c0600000, 0x00000000c0600000|100%|HS|  |TAMS 0x00000000c0500000| PB 0x00000000c0500000| Complete 
|   6|0x00000000c0600000, 0x00000000c0700000, 0x00000000c0700000|100%|HC|  |TAMS 0x00000000c0600000| PB 0x00000000c0600000| Complete 
|   7|0x00000000c0700000, 0x00000000c0800000, 0x00000000c0800000|100%|HS|  |TAMS 0x00000000c0700000| PB 0x00000000c0700000| Complete 
|   8|0x00000000c0800000, 0x00000000c0900000, 0x00000000c0900000|100%|HS|  |TAMS 0x00000000c0800000| PB 0x00000000c0800000| Complete 
|   9|0x00000000c0900000, 0x00000000c09fffe0, 0x00000000c0a00000| 99%| O|  |TAMS 0x00000000c0900000| PB 0x00000000c0900000| Untracked 
|  10|0x00000000c0a00000, 0x00000000c0affff0, 0x00000000c0b00000| 99%| O|  |TAMS 0x00000000c0a00000| PB 0x00000000c0a00000| Untracked 
|  11|0x00000000c0b00000, 0x00000000c0bffff8, 0x00000000c0c00000| 99%| O|  |TAMS 0x00000000c0b00000| PB 0x00000000c0b00000| Untracked 
|  12|0x00000000c0c00000, 0x00000000c0cffff0, 0x00000000c0d00000| 99%| O|  |TAMS 0x00000000c0c00000| PB 0x00000000c0c00000| Untracked 
|  13|0x00000000c0d00000, 0x00000000c0dffff0, 0x00000000c0e00000| 99%| O|  |TAMS 0x00000000c0d00000| PB 0x00000000c0d00000| Untracked 
|  14|0x00000000c0e00000, 0x00000000c0effff0, 0x00000000c0f00000| 99%| O|  |TAMS 0x00000000c0e00000| PB 0x00000000c0e00000| Untracked 
|  15|0x00000000c0f00000, 0x00000000c1000000, 0x00000000c1000000|100%| O|  |TAMS 0x00000000c0f00000| PB 0x00000000c0f00000| Untracked 
|  16|0x00000000c1000000, 0x00000000c1100000, 0x00000000c1100000|100%| O|  |TAMS 0x00000000c1000000| PB 0x00000000c1000000| Untracked 
|  17|0x00000000c1100000, 0x00000000c1200000, 0x00000000c1200000|100%| O|  |TAMS 0x00000000c1100000| PB 0x00000000c1100000| Untracked 
|  18|0x00000000c1200000, 0x00000000c1300000, 0x00000000c1300000|100%|HS|  |TAMS 0x00000000c1200000| PB 0x00000000c1200000| Complete 
|  19|0x00000000c1300000, 0x00000000c1400000, 0x00000000c1400000|100%| O|  |TAMS 0x00000000c1300000| PB 0x00000000c1300000| Untracked 
|  20|0x00000000c1400000, 0x00000000c14ffff8, 0x00000000c1500000| 99%| O|  |TAMS 0x00000000c1400000| PB 0x00000000c1400000| Untracked 
|  21|0x00000000c1500000, 0x00000000c15fffe0, 0x00000000c1600000| 99%| O|  |TAMS 0x00000000c1500000| PB 0x00000000c1500000| Untracked 
|  22|0x00000000c1600000, 0x00000000c16f7d38, 0x00000000c1700000| 96%| O|  |TAMS 0x00000000c1600000| PB 0x00000000c1600000| Untracked 
|  23|0x00000000c1700000, 0x00000000c17ffff8, 0x00000000c1800000| 99%| O|  |TAMS 0x00000000c1700000| PB 0x00000000c1700000| Untracked 
|  24|0x00000000c1800000, 0x00000000c1900000, 0x00000000c1900000|100%| O|  |TAMS 0x00000000c1800000| PB 0x00000000c1800000| Untracked 
|  25|0x00000000c1900000, 0x00000000c19fff18, 0x00000000c1a00000| 99%| O|  |TAMS 0x00000000c1900000| PB 0x00000000c1900000| Untracked 
|  26|0x00000000c1a00000, 0x00000000c1b00000, 0x00000000c1b00000|100%| O|  |TAMS 0x00000000c1a00000| PB 0x00000000c1a00000| Untracked 
|  27|0x00000000c1b00000, 0x00000000c1c00000, 0x00000000c1c00000|100%| O|  |TAMS 0x00000000c1b00000| PB 0x00000000c1b00000| Untracked 
|  28|0x00000000c1c00000, 0x00000000c1cffff8, 0x00000000c1d00000| 99%| O|  |TAMS 0x00000000c1c00000| PB 0x00000000c1c00000| Untracked 
|  29|0x00000000c1d00000, 0x00000000c1df78b8, 0x00000000c1e00000| 96%| O|  |TAMS 0x00000000c1d00000| PB 0x00000000c1d00000| Untracked 
|  30|0x00000000c1e00000, 0x00000000c1f00000, 0x00000000c1f00000|100%| O|  |TAMS 0x00000000c1e00000| PB 0x00000000c1e00000| Untracked 
|  31|0x00000000c1f00000, 0x00000000c1ffffe8, 0x00000000c2000000| 99%| O|  |TAMS 0x00000000c1f00000| PB 0x00000000c1f00000| Untracked 
|  32|0x00000000c2000000, 0x00000000c20ff8e0, 0x00000000c2100000| 99%| O|  |TAMS 0x00000000c2000000| PB 0x00000000c2000000| Untracked 
|  33|0x00000000c2100000, 0x00000000c21fffe8, 0x00000000c2200000| 99%| O|  |TAMS 0x00000000c2100000| PB 0x00000000c2100000| Untracked 
|  34|0x00000000c2200000, 0x00000000c2300000, 0x00000000c2300000|100%|HS|  |TAMS 0x00000000c2200000| PB 0x00000000c2200000| Complete 
|  35|0x00000000c2300000, 0x00000000c23ffff8, 0x00000000c2400000| 99%| O|  |TAMS 0x00000000c2300000| PB 0x00000000c2300000| Untracked 
|  36|0x00000000c2400000, 0x00000000c2500000, 0x00000000c2500000|100%| O|  |TAMS 0x00000000c2400000| PB 0x00000000c2400000| Untracked 
|  37|0x00000000c2500000, 0x00000000c25fffe8, 0x00000000c2600000| 99%| O|  |TAMS 0x00000000c2500000| PB 0x00000000c2500000| Untracked 
|  38|0x00000000c2600000, 0x00000000c2700000, 0x00000000c2700000|100%| O|  |TAMS 0x00000000c2600000| PB 0x00000000c2600000| Untracked 
|  39|0x00000000c2700000, 0x00000000c27ffff0, 0x00000000c2800000| 99%| O|  |TAMS 0x00000000c2700000| PB 0x00000000c2700000| Untracked 
|  40|0x00000000c2800000, 0x00000000c28ffff0, 0x00000000c2900000| 99%| O|  |TAMS 0x00000000c2800000| PB 0x00000000c2800000| Untracked 
|  41|0x00000000c2900000, 0x00000000c2a00000, 0x00000000c2a00000|100%| O|  |TAMS 0x00000000c2900000| PB 0x00000000c2900000| Untracked 
|  42|0x00000000c2a00000, 0x00000000c2affff0, 0x00000000c2b00000| 99%| O|  |TAMS 0x00000000c2a00000| PB 0x00000000c2a00000| Untracked 
|  43|0x00000000c2b00000, 0x00000000c2bfffc8, 0x00000000c2c00000| 99%| O|  |TAMS 0x00000000c2b00000| PB 0x00000000c2b00000| Untracked 
|  44|0x00000000c2c00000, 0x00000000c2cfffb0, 0x00000000c2d00000| 99%| O|  |TAMS 0x00000000c2c00000| PB 0x00000000c2c00000| Untracked 
|  45|0x00000000c2d00000, 0x00000000c2e00000, 0x00000000c2e00000|100%| O|  |TAMS 0x00000000c2d00000| PB 0x00000000c2d00000| Untracked 
|  46|0x00000000c2e00000, 0x00000000c2effff8, 0x00000000c2f00000| 99%| O|  |TAMS 0x00000000c2e00000| PB 0x00000000c2e00000| Untracked 
|  47|0x00000000c2f00000, 0x00000000c2fffff8, 0x00000000c3000000| 99%| O|  |TAMS 0x00000000c2f00000| PB 0x00000000c2f00000| Untracked 
|  48|0x00000000c3000000, 0x00000000c30f7878, 0x00000000c3100000| 96%| O|  |TAMS 0x00000000c3000000| PB 0x00000000c3000000| Untracked 
|  49|0x00000000c3100000, 0x00000000c31ffff0, 0x00000000c3200000| 99%| O|  |TAMS 0x00000000c3100000| PB 0x00000000c3100000| Untracked 
|  50|0x00000000c3200000, 0x00000000c3300000, 0x00000000c3300000|100%| O|  |TAMS 0x00000000c3200000| PB 0x00000000c3200000| Untracked 
|  51|0x00000000c3300000, 0x00000000c33ffea0, 0x00000000c3400000| 99%| O|  |TAMS 0x00000000c3300000| PB 0x00000000c3300000| Untracked 
|  52|0x00000000c3400000, 0x00000000c34fffe0, 0x00000000c3500000| 99%| O|  |TAMS 0x00000000c3400000| PB 0x00000000c3400000| Untracked 
|  53|0x00000000c3500000, 0x00000000c35fffe8, 0x00000000c3600000| 99%| O|  |TAMS 0x00000000c3500000| PB 0x00000000c3500000| Untracked 
|  54|0x00000000c3600000, 0x00000000c3700000, 0x00000000c3700000|100%| O|  |TAMS 0x00000000c3600000| PB 0x00000000c3600000| Untracked 
|  55|0x00000000c3700000, 0x00000000c37ff438, 0x00000000c3800000| 99%| O|  |TAMS 0x00000000c3700000| PB 0x00000000c3700000| Untracked 
|  56|0x00000000c3800000, 0x00000000c3900000, 0x00000000c3900000|100%| O|  |TAMS 0x00000000c3800000| PB 0x00000000c3800000| Untracked 
|  57|0x00000000c3900000, 0x00000000c39ffff8, 0x00000000c3a00000| 99%| O|  |TAMS 0x00000000c3900000| PB 0x00000000c3900000| Untracked 
|  58|0x00000000c3a00000, 0x00000000c3b00000, 0x00000000c3b00000|100%| O|  |TAMS 0x00000000c3a00000| PB 0x00000000c3a00000| Untracked 
|  59|0x00000000c3b00000, 0x00000000c3c00000, 0x00000000c3c00000|100%| O|  |TAMS 0x00000000c3b00000| PB 0x00000000c3b00000| Untracked 
|  60|0x00000000c3c00000, 0x00000000c3cffff0, 0x00000000c3d00000| 99%| O|  |TAMS 0x00000000c3c00000| PB 0x00000000c3c00000| Untracked 
|  61|0x00000000c3d00000, 0x00000000c3e00000, 0x00000000c3e00000|100%| O|  |TAMS 0x00000000c3d00000| PB 0x00000000c3d00000| Untracked 
|  62|0x00000000c3e00000, 0x00000000c3efffe0, 0x00000000c3f00000| 99%| O|  |TAMS 0x00000000c3e00000| PB 0x00000000c3e00000| Untracked 
|  63|0x00000000c3f00000, 0x00000000c3ffffc8, 0x00000000c4000000| 99%| O|  |TAMS 0x00000000c3f00000| PB 0x00000000c3f00000| Untracked 
|  64|0x00000000c4000000, 0x00000000c40fffb0, 0x00000000c4100000| 99%| O|  |TAMS 0x00000000c4000000| PB 0x00000000c4000000| Untracked 
|  65|0x00000000c4100000, 0x00000000c41ffff8, 0x00000000c4200000| 99%| O|  |TAMS 0x00000000c4100000| PB 0x00000000c4100000| Untracked 
|  66|0x00000000c4200000, 0x00000000c42ffff0, 0x00000000c4300000| 99%| O|  |TAMS 0x00000000c4200000| PB 0x00000000c4200000| Untracked 
|  67|0x00000000c4300000, 0x00000000c4400000, 0x00000000c4400000|100%| O|  |TAMS 0x00000000c4300000| PB 0x00000000c4300000| Untracked 
|  68|0x00000000c4400000, 0x00000000c44fffd8, 0x00000000c4500000| 99%| O|  |TAMS 0x00000000c4400000| PB 0x00000000c4400000| Untracked 
|  69|0x00000000c4500000, 0x00000000c45fffe0, 0x00000000c4600000| 99%| O|  |TAMS 0x00000000c4500000| PB 0x00000000c4500000| Untracked 
|  70|0x00000000c4600000, 0x00000000c4700000, 0x00000000c4700000|100%|HS|  |TAMS 0x00000000c4600000| PB 0x00000000c4600000| Complete 
|  71|0x00000000c4700000, 0x00000000c4800000, 0x00000000c4800000|100%|HC|  |TAMS 0x00000000c4700000| PB 0x00000000c4700000| Complete 
|  72|0x00000000c4800000, 0x00000000c4900000, 0x00000000c4900000|100%| O|  |TAMS 0x00000000c4800000| PB 0x00000000c4800000| Untracked 
|  73|0x00000000c4900000, 0x00000000c49fffe8, 0x00000000c4a00000| 99%| O|  |TAMS 0x00000000c4900000| PB 0x00000000c4900000| Untracked 
|  74|0x00000000c4a00000, 0x00000000c4afffe0, 0x00000000c4b00000| 99%| O|  |TAMS 0x00000000c4a00000| PB 0x00000000c4a00000| Untracked 
|  75|0x00000000c4b00000, 0x00000000c4bfc8e8, 0x00000000c4c00000| 98%| O|  |TAMS 0x00000000c4b00000| PB 0x00000000c4b00000| Untracked 
|  76|0x00000000c4c00000, 0x00000000c4cfffd0, 0x00000000c4d00000| 99%| O|  |TAMS 0x00000000c4c00000| PB 0x00000000c4c00000| Untracked 
|  77|0x00000000c4d00000, 0x00000000c4dffff8, 0x00000000c4e00000| 99%| O|  |TAMS 0x00000000c4d00000| PB 0x00000000c4d00000| Untracked 
|  78|0x00000000c4e00000, 0x00000000c4efc4e8, 0x00000000c4f00000| 98%| O|  |TAMS 0x00000000c4e00000| PB 0x00000000c4e00000| Untracked 
|  79|0x00000000c4f00000, 0x00000000c4fffe48, 0x00000000c5000000| 99%| O|  |TAMS 0x00000000c4f00000| PB 0x00000000c4f00000| Untracked 
|  80|0x00000000c5000000, 0x00000000c50ffff0, 0x00000000c5100000| 99%| O|  |TAMS 0x00000000c5000000| PB 0x00000000c5000000| Untracked 
|  81|0x00000000c5100000, 0x00000000c51ffff0, 0x00000000c5200000| 99%| O|  |TAMS 0x00000000c5100000| PB 0x00000000c5100000| Untracked 
|  82|0x00000000c5200000, 0x00000000c52fffe8, 0x00000000c5300000| 99%| O|  |TAMS 0x00000000c5200000| PB 0x00000000c5200000| Untracked 
|  83|0x00000000c5300000, 0x00000000c5400000, 0x00000000c5400000|100%| O|  |TAMS 0x00000000c5300000| PB 0x00000000c5300000| Untracked 
|  84|0x00000000c5400000, 0x00000000c54fffd8, 0x00000000c5500000| 99%| O|  |TAMS 0x00000000c5400000| PB 0x00000000c5400000| Untracked 
|  85|0x00000000c5500000, 0x00000000c55ffff0, 0x00000000c5600000| 99%| O|  |TAMS 0x00000000c5500000| PB 0x00000000c5500000| Untracked 
|  86|0x00000000c5600000, 0x00000000c5700000, 0x00000000c5700000|100%| O|  |TAMS 0x00000000c5600000| PB 0x00000000c5600000| Untracked 
|  87|0x00000000c5700000, 0x00000000c5800000, 0x00000000c5800000|100%| O|  |TAMS 0x00000000c5700000| PB 0x00000000c5700000| Untracked 
|  88|0x00000000c5800000, 0x00000000c58ffff8, 0x00000000c5900000| 99%| O|  |TAMS 0x00000000c5800000| PB 0x00000000c5800000| Untracked 
|  89|0x00000000c5900000, 0x00000000c59fffe8, 0x00000000c5a00000| 99%| O|  |TAMS 0x00000000c5900000| PB 0x00000000c5900000| Untracked 
|  90|0x00000000c5a00000, 0x00000000c5afffb8, 0x00000000c5b00000| 99%| O|  |TAMS 0x00000000c5a00000| PB 0x00000000c5a00000| Untracked 
|  91|0x00000000c5b00000, 0x00000000c5bfffe8, 0x00000000c5c00000| 99%| O|  |TAMS 0x00000000c5b00000| PB 0x00000000c5b00000| Untracked 
|  92|0x00000000c5c00000, 0x00000000c5cffff8, 0x00000000c5d00000| 99%| O|  |TAMS 0x00000000c5c00000| PB 0x00000000c5c00000| Untracked 
|  93|0x00000000c5d00000, 0x00000000c5dfff98, 0x00000000c5e00000| 99%| O|  |TAMS 0x00000000c5d00000| PB 0x00000000c5d00000| Untracked 
|  94|0x00000000c5e00000, 0x00000000c5f00000, 0x00000000c5f00000|100%| O|  |TAMS 0x00000000c5e00000| PB 0x00000000c5e00000| Untracked 
|  95|0x00000000c5f00000, 0x00000000c5ffab58, 0x00000000c6000000| 97%| O|  |TAMS 0x00000000c5f00000| PB 0x00000000c5f00000| Untracked 
|  96|0x00000000c6000000, 0x00000000c60ffff0, 0x00000000c6100000| 99%| O|  |TAMS 0x00000000c6000000| PB 0x00000000c6000000| Untracked 
|  97|0x00000000c6100000, 0x00000000c61fffe0, 0x00000000c6200000| 99%| O|  |TAMS 0x00000000c6100000| PB 0x00000000c6100000| Untracked 
|  98|0x00000000c6200000, 0x00000000c6300000, 0x00000000c6300000|100%|HS|  |TAMS 0x00000000c6200000| PB 0x00000000c6200000| Complete 
|  99|0x00000000c6300000, 0x00000000c6400000, 0x00000000c6400000|100%|HC|  |TAMS 0x00000000c6300000| PB 0x00000000c6300000| Complete 
| 100|0x00000000c6400000, 0x00000000c6500000, 0x00000000c6500000|100%|HS|  |TAMS 0x00000000c6400000| PB 0x00000000c6400000| Complete 
| 101|0x00000000c6500000, 0x00000000c6600000, 0x00000000c6600000|100%|HC|  |TAMS 0x00000000c6500000| PB 0x00000000c6500000| Complete 
| 102|0x00000000c6600000, 0x00000000c6700000, 0x00000000c6700000|100%|HC|  |TAMS 0x00000000c6600000| PB 0x00000000c6600000| Complete 
| 103|0x00000000c6700000, 0x00000000c6800000, 0x00000000c6800000|100%|HC|  |TAMS 0x00000000c6700000| PB 0x00000000c6700000| Complete 
| 104|0x00000000c6800000, 0x00000000c6900000, 0x00000000c6900000|100%|HC|  |TAMS 0x00000000c6800000| PB 0x00000000c6800000| Complete 
| 105|0x00000000c6900000, 0x00000000c6a00000, 0x00000000c6a00000|100%|HC|  |TAMS 0x00000000c6900000| PB 0x00000000c6900000| Complete 
| 106|0x00000000c6a00000, 0x00000000c6b00000, 0x00000000c6b00000|100%|HS|  |TAMS 0x00000000c6a00000| PB 0x00000000c6a00000| Complete 
| 107|0x00000000c6b00000, 0x00000000c6c00000, 0x00000000c6c00000|100%|HS|  |TAMS 0x00000000c6b00000| PB 0x00000000c6b00000| Complete 
| 108|0x00000000c6c00000, 0x00000000c6d00000, 0x00000000c6d00000|100%|HS|  |TAMS 0x00000000c6c00000| PB 0x00000000c6c00000| Complete 
| 109|0x00000000c6d00000, 0x00000000c6e00000, 0x00000000c6e00000|100%|HS|  |TAMS 0x00000000c6d00000| PB 0x00000000c6d00000| Complete 
| 110|0x00000000c6e00000, 0x00000000c6f00000, 0x00000000c6f00000|100%|HS|  |TAMS 0x00000000c6e00000| PB 0x00000000c6e00000| Complete 
| 111|0x00000000c6f00000, 0x00000000c7000000, 0x00000000c7000000|100%|HS|  |TAMS 0x00000000c6f00000| PB 0x00000000c6f00000| Complete 
| 112|0x00000000c7000000, 0x00000000c7100000, 0x00000000c7100000|100%|HC|  |TAMS 0x00000000c7000000| PB 0x00000000c7000000| Complete 
| 113|0x00000000c7100000, 0x00000000c7200000, 0x00000000c7200000|100%|HC|  |TAMS 0x00000000c7100000| PB 0x00000000c7100000| Complete 
| 114|0x00000000c7200000, 0x00000000c7300000, 0x00000000c7300000|100%|HS|  |TAMS 0x00000000c7200000| PB 0x00000000c7200000| Complete 
| 115|0x00000000c7300000, 0x00000000c7400000, 0x00000000c7400000|100%|HS|  |TAMS 0x00000000c7300000| PB 0x00000000c7300000| Complete 
| 116|0x00000000c7400000, 0x00000000c7500000, 0x00000000c7500000|100%|HC|  |TAMS 0x00000000c7400000| PB 0x00000000c7400000| Complete 
| 117|0x00000000c7500000, 0x00000000c75fffd8, 0x00000000c7600000| 99%| O|  |TAMS 0x00000000c7500000| PB 0x00000000c7500000| Untracked 
| 118|0x00000000c7600000, 0x00000000c76ffff8, 0x00000000c7700000| 99%| O|  |TAMS 0x00000000c7600000| PB 0x00000000c7600000| Untracked 
| 119|0x00000000c7700000, 0x00000000c77ffff8, 0x00000000c7800000| 99%| O|  |TAMS 0x00000000c7700000| PB 0x00000000c7700000| Untracked 
| 120|0x00000000c7800000, 0x00000000c78fdd80, 0x00000000c7900000| 99%| O|  |TAMS 0x00000000c7800000| PB 0x00000000c7800000| Untracked 
| 121|0x00000000c7900000, 0x00000000c79ff260, 0x00000000c7a00000| 99%| O|  |TAMS 0x00000000c7900000| PB 0x00000000c7900000| Untracked 
| 122|0x00000000c7a00000, 0x00000000c7affff0, 0x00000000c7b00000| 99%| O|  |TAMS 0x00000000c7a00000| PB 0x00000000c7a00000| Untracked 
| 123|0x00000000c7b00000, 0x00000000c7bffff0, 0x00000000c7c00000| 99%| O|  |TAMS 0x00000000c7b00000| PB 0x00000000c7b00000| Untracked 
| 124|0x00000000c7c00000, 0x00000000c7cfff68, 0x00000000c7d00000| 99%| O|  |TAMS 0x00000000c7c00000| PB 0x00000000c7c00000| Untracked 
| 125|0x00000000c7d00000, 0x00000000c7dffff8, 0x00000000c7e00000| 99%| O|  |TAMS 0x00000000c7d00000| PB 0x00000000c7d00000| Untracked 
| 126|0x00000000c7e00000, 0x00000000c7f00000, 0x00000000c7f00000|100%| O|  |TAMS 0x00000000c7e00000| PB 0x00000000c7e00000| Untracked 
| 127|0x00000000c7f00000, 0x00000000c7ffff88, 0x00000000c8000000| 99%| O|  |TAMS 0x00000000c7f00000| PB 0x00000000c7f00000| Untracked 
| 128|0x00000000c8000000, 0x00000000c80ffff0, 0x00000000c8100000| 99%| O|  |TAMS 0x00000000c8000000| PB 0x00000000c8000000| Untracked 
| 129|0x00000000c8100000, 0x00000000c81fffe8, 0x00000000c8200000| 99%| O|  |TAMS 0x00000000c8100000| PB 0x00000000c8100000| Untracked 
| 130|0x00000000c8200000, 0x00000000c82fffb8, 0x00000000c8300000| 99%| O|  |TAMS 0x00000000c8200000| PB 0x00000000c8200000| Untracked 
| 131|0x00000000c8300000, 0x00000000c83fffd8, 0x00000000c8400000| 99%| O|  |TAMS 0x00000000c8300000| PB 0x00000000c8300000| Untracked 
| 132|0x00000000c8400000, 0x00000000c84fffa8, 0x00000000c8500000| 99%| O|  |TAMS 0x00000000c8400000| PB 0x00000000c8400000| Untracked 
| 133|0x00000000c8500000, 0x00000000c8600000, 0x00000000c8600000|100%| O|  |TAMS 0x00000000c8500000| PB 0x00000000c8500000| Untracked 
| 134|0x00000000c8600000, 0x00000000c86fd220, 0x00000000c8700000| 98%| O|  |TAMS 0x00000000c8600000| PB 0x00000000c8600000| Untracked 
| 135|0x00000000c8700000, 0x00000000c87ffff0, 0x00000000c8800000| 99%| O|  |TAMS 0x00000000c8700000| PB 0x00000000c8700000| Untracked 
| 136|0x00000000c8800000, 0x00000000c88ffff8, 0x00000000c8900000| 99%| O|  |TAMS 0x00000000c8800000| PB 0x00000000c8800000| Untracked 
| 137|0x00000000c8900000, 0x00000000c8a00000, 0x00000000c8a00000|100%| O|  |TAMS 0x00000000c8900000| PB 0x00000000c8900000| Untracked 
| 138|0x00000000c8a00000, 0x00000000c8affec8, 0x00000000c8b00000| 99%| O|  |TAMS 0x00000000c8a00000| PB 0x00000000c8a00000| Untracked 
| 139|0x00000000c8b00000, 0x00000000c8bffff0, 0x00000000c8c00000| 99%| O|  |TAMS 0x00000000c8b00000| PB 0x00000000c8b00000| Untracked 
| 140|0x00000000c8c00000, 0x00000000c8d00000, 0x00000000c8d00000|100%| O|  |TAMS 0x00000000c8c00000| PB 0x00000000c8c00000| Untracked 
| 141|0x00000000c8d00000, 0x00000000c8dffff0, 0x00000000c8e00000| 99%| O|  |TAMS 0x00000000c8d00000| PB 0x00000000c8d00000| Untracked 
| 142|0x00000000c8e00000, 0x00000000c8f00000, 0x00000000c8f00000|100%| O|  |TAMS 0x00000000c8e00000| PB 0x00000000c8e00000| Untracked 
| 143|0x00000000c8f00000, 0x00000000c8ffffd8, 0x00000000c9000000| 99%| O|  |TAMS 0x00000000c8f00000| PB 0x00000000c8f00000| Untracked 
| 144|0x00000000c9000000, 0x00000000c90fffd0, 0x00000000c9100000| 99%| O|  |TAMS 0x00000000c9000000| PB 0x00000000c9000000| Untracked 
| 145|0x00000000c9100000, 0x00000000c91fffa0, 0x00000000c9200000| 99%| O|  |TAMS 0x00000000c9100000| PB 0x00000000c9100000| Untracked 
| 146|0x00000000c9200000, 0x00000000c9300000, 0x00000000c9300000|100%| O|  |TAMS 0x00000000c9200000| PB 0x00000000c9200000| Untracked 
| 147|0x00000000c9300000, 0x00000000c93fffd0, 0x00000000c9400000| 99%| O|  |TAMS 0x00000000c9300000| PB 0x00000000c9300000| Untracked 
| 148|0x00000000c9400000, 0x00000000c9500000, 0x00000000c9500000|100%| O|  |TAMS 0x00000000c9400000| PB 0x00000000c9400000| Untracked 
| 149|0x00000000c9500000, 0x00000000c9600000, 0x00000000c9600000|100%| O|  |TAMS 0x00000000c9500000| PB 0x00000000c9500000| Untracked 
| 150|0x00000000c9600000, 0x00000000c96ffff8, 0x00000000c9700000| 99%| O|  |TAMS 0x00000000c9600000| PB 0x00000000c9600000| Untracked 
| 151|0x00000000c9700000, 0x00000000c97ffff0, 0x00000000c9800000| 99%| O|  |TAMS 0x00000000c9700000| PB 0x00000000c9700000| Untracked 
| 152|0x00000000c9800000, 0x00000000c98fffa0, 0x00000000c9900000| 99%| O|  |TAMS 0x00000000c9800000| PB 0x00000000c9800000| Untracked 
| 153|0x00000000c9900000, 0x00000000c99ffff0, 0x00000000c9a00000| 99%| O|  |TAMS 0x00000000c9900000| PB 0x00000000c9900000| Untracked 
| 154|0x00000000c9a00000, 0x00000000c9b00000, 0x00000000c9b00000|100%| O|  |TAMS 0x00000000c9a00000| PB 0x00000000c9a00000| Untracked 
| 155|0x00000000c9b00000, 0x00000000c9c00000, 0x00000000c9c00000|100%| O|  |TAMS 0x00000000c9b00000| PB 0x00000000c9b00000| Untracked 
| 156|0x00000000c9c00000, 0x00000000c9cffff0, 0x00000000c9d00000| 99%| O|  |TAMS 0x00000000c9c00000| PB 0x00000000c9c00000| Untracked 
| 157|0x00000000c9d00000, 0x00000000c9dffff0, 0x00000000c9e00000| 99%| O|  |TAMS 0x00000000c9d00000| PB 0x00000000c9d00000| Untracked 
| 158|0x00000000c9e00000, 0x00000000c9f00000, 0x00000000c9f00000|100%| O|  |TAMS 0x00000000c9e00000| PB 0x00000000c9e00000| Untracked 
| 159|0x00000000c9f00000, 0x00000000c9ffffe0, 0x00000000ca000000| 99%| O|  |TAMS 0x00000000c9f00000| PB 0x00000000c9f00000| Untracked 
| 160|0x00000000ca000000, 0x00000000ca100000, 0x00000000ca100000|100%| O|  |TAMS 0x00000000ca000000| PB 0x00000000ca000000| Untracked 
| 161|0x00000000ca100000, 0x00000000ca200000, 0x00000000ca200000|100%| O|  |TAMS 0x00000000ca100000| PB 0x00000000ca100000| Untracked 
| 162|0x00000000ca200000, 0x00000000ca2fff98, 0x00000000ca300000| 99%| O|  |TAMS 0x00000000ca200000| PB 0x00000000ca200000| Untracked 
| 163|0x00000000ca300000, 0x00000000ca3fffe8, 0x00000000ca400000| 99%| O|  |TAMS 0x00000000ca300000| PB 0x00000000ca300000| Untracked 
| 164|0x00000000ca400000, 0x00000000ca4ffff8, 0x00000000ca500000| 99%| O|  |TAMS 0x00000000ca400000| PB 0x00000000ca400000| Untracked 
| 165|0x00000000ca500000, 0x00000000ca5fffe8, 0x00000000ca600000| 99%| O|  |TAMS 0x00000000ca500000| PB 0x00000000ca500000| Untracked 
| 166|0x00000000ca600000, 0x00000000ca6ffff8, 0x00000000ca700000| 99%| O|  |TAMS 0x00000000ca600000| PB 0x00000000ca600000| Untracked 
| 167|0x00000000ca700000, 0x00000000ca800000, 0x00000000ca800000|100%|HS|  |TAMS 0x00000000ca700000| PB 0x00000000ca700000| Complete 
| 168|0x00000000ca800000, 0x00000000ca900000, 0x00000000ca900000|100%|HC|  |TAMS 0x00000000ca800000| PB 0x00000000ca800000| Complete 
| 169|0x00000000ca900000, 0x00000000caa00000, 0x00000000caa00000|100%|HC|  |TAMS 0x00000000ca900000| PB 0x00000000ca900000| Complete 
| 170|0x00000000caa00000, 0x00000000cab00000, 0x00000000cab00000|100%|HC|  |TAMS 0x00000000caa00000| PB 0x00000000caa00000| Complete 
| 171|0x00000000cab00000, 0x00000000cac00000, 0x00000000cac00000|100%|HC|  |TAMS 0x00000000cab00000| PB 0x00000000cab00000| Complete 
| 172|0x00000000cac00000, 0x00000000cad00000, 0x00000000cad00000|100%|HC|  |TAMS 0x00000000cac00000| PB 0x00000000cac00000| Complete 
| 173|0x00000000cad00000, 0x00000000cadfff28, 0x00000000cae00000| 99%| O|  |TAMS 0x00000000cad00000| PB 0x00000000cad00000| Untracked 
| 174|0x00000000cae00000, 0x00000000caefffc0, 0x00000000caf00000| 99%| O|  |TAMS 0x00000000cae00000| PB 0x00000000cae00000| Untracked 
| 175|0x00000000caf00000, 0x00000000caffffd0, 0x00000000cb000000| 99%| O|  |TAMS 0x00000000caf00000| PB 0x00000000caf00000| Untracked 
| 176|0x00000000cb000000, 0x00000000cb0fff00, 0x00000000cb100000| 99%| O|  |TAMS 0x00000000cb000000| PB 0x00000000cb000000| Untracked 
| 177|0x00000000cb100000, 0x00000000cb200000, 0x00000000cb200000|100%| O|  |TAMS 0x00000000cb100000| PB 0x00000000cb100000| Untracked 
| 178|0x00000000cb200000, 0x00000000cb2ffff8, 0x00000000cb300000| 99%| O|  |TAMS 0x00000000cb200000| PB 0x00000000cb200000| Untracked 
| 179|0x00000000cb300000, 0x00000000cb3fffc8, 0x00000000cb400000| 99%| O|  |TAMS 0x00000000cb300000| PB 0x00000000cb300000| Untracked 
| 180|0x00000000cb400000, 0x00000000cb4ffff8, 0x00000000cb500000| 99%| O|  |TAMS 0x00000000cb400000| PB 0x00000000cb400000| Untracked 
| 181|0x00000000cb500000, 0x00000000cb5ffff0, 0x00000000cb600000| 99%| O|  |TAMS 0x00000000cb500000| PB 0x00000000cb500000| Untracked 
| 182|0x00000000cb600000, 0x00000000cb6ff9f8, 0x00000000cb700000| 99%| O|  |TAMS 0x00000000cb600000| PB 0x00000000cb600000| Untracked 
| 183|0x00000000cb700000, 0x00000000cb7ffff8, 0x00000000cb800000| 99%| O|  |TAMS 0x00000000cb700000| PB 0x00000000cb700000| Untracked 
| 184|0x00000000cb800000, 0x00000000cb8ffff8, 0x00000000cb900000| 99%| O|  |TAMS 0x00000000cb800000| PB 0x00000000cb800000| Untracked 
| 185|0x00000000cb900000, 0x00000000cb9ffff0, 0x00000000cba00000| 99%| O|  |TAMS 0x00000000cb900000| PB 0x00000000cb900000| Untracked 
| 186|0x00000000cba00000, 0x00000000cbafffe0, 0x00000000cbb00000| 99%| O|  |TAMS 0x00000000cba00000| PB 0x00000000cba00000| Untracked 
| 187|0x00000000cbb00000, 0x00000000cbbffff0, 0x00000000cbc00000| 99%| O|  |TAMS 0x00000000cbb00000| PB 0x00000000cbb00000| Untracked 
| 188|0x00000000cbc00000, 0x00000000cbcfffe0, 0x00000000cbd00000| 99%| O|  |TAMS 0x00000000cbc00000| PB 0x00000000cbc00000| Untracked 
| 189|0x00000000cbd00000, 0x00000000cbe00000, 0x00000000cbe00000|100%| O|  |TAMS 0x00000000cbd00000| PB 0x00000000cbd00000| Untracked 
| 190|0x00000000cbe00000, 0x00000000cbeffff0, 0x00000000cbf00000| 99%| O|  |TAMS 0x00000000cbe00000| PB 0x00000000cbe00000| Untracked 
| 191|0x00000000cbf00000, 0x00000000cbffffa0, 0x00000000cc000000| 99%| O|  |TAMS 0x00000000cbf00000| PB 0x00000000cbf00000| Untracked 
| 192|0x00000000cc000000, 0x00000000cc100000, 0x00000000cc100000|100%| O|  |TAMS 0x00000000cc000000| PB 0x00000000cc000000| Untracked 
| 193|0x00000000cc100000, 0x00000000cc200000, 0x00000000cc200000|100%| O|  |TAMS 0x00000000cc100000| PB 0x00000000cc100000| Untracked 
| 194|0x00000000cc200000, 0x00000000cc2fffe8, 0x00000000cc300000| 99%| O|  |TAMS 0x00000000cc200000| PB 0x00000000cc200000| Untracked 
| 195|0x00000000cc300000, 0x00000000cc3fc2d0, 0x00000000cc400000| 98%| O|  |TAMS 0x00000000cc300000| PB 0x00000000cc300000| Untracked 
| 196|0x00000000cc400000, 0x00000000cc500000, 0x00000000cc500000|100%| O|  |TAMS 0x00000000cc400000| PB 0x00000000cc400000| Untracked 
| 197|0x00000000cc500000, 0x00000000cc5f8858, 0x00000000cc600000| 97%| O|  |TAMS 0x00000000cc500000| PB 0x00000000cc500000| Untracked 
| 198|0x00000000cc600000, 0x00000000cc6ffff8, 0x00000000cc700000| 99%| O|  |TAMS 0x00000000cc600000| PB 0x00000000cc600000| Untracked 
| 199|0x00000000cc700000, 0x00000000cc7ff4f8, 0x00000000cc800000| 99%| O|  |TAMS 0x00000000cc700000| PB 0x00000000cc700000| Untracked 
| 200|0x00000000cc800000, 0x00000000cc900000, 0x00000000cc900000|100%| O|  |TAMS 0x00000000cc800000| PB 0x00000000cc800000| Untracked 
| 201|0x00000000cc900000, 0x00000000cc9fffe8, 0x00000000cca00000| 99%| O|  |TAMS 0x00000000cc900000| PB 0x00000000cc900000| Untracked 
| 202|0x00000000cca00000, 0x00000000ccaffff0, 0x00000000ccb00000| 99%| O|  |TAMS 0x00000000cca00000| PB 0x00000000cca00000| Untracked 
| 203|0x00000000ccb00000, 0x00000000ccbfff88, 0x00000000ccc00000| 99%| O|  |TAMS 0x00000000ccb00000| PB 0x00000000ccb00000| Untracked 
| 204|0x00000000ccc00000, 0x00000000cccffff0, 0x00000000ccd00000| 99%| O|  |TAMS 0x00000000ccc00000| PB 0x00000000ccc00000| Untracked 
| 205|0x00000000ccd00000, 0x00000000ccdfcd28, 0x00000000cce00000| 98%| O|  |TAMS 0x00000000ccd00000| PB 0x00000000ccd00000| Untracked 
| 206|0x00000000cce00000, 0x00000000ccefffe8, 0x00000000ccf00000| 99%| O|  |TAMS 0x00000000cce00000| PB 0x00000000cce00000| Untracked 
| 207|0x00000000ccf00000, 0x00000000ccfffff8, 0x00000000cd000000| 99%| O|  |TAMS 0x00000000ccf00000| PB 0x00000000ccf00000| Untracked 
| 208|0x00000000cd000000, 0x00000000cd100000, 0x00000000cd100000|100%| O|  |TAMS 0x00000000cd000000| PB 0x00000000cd000000| Untracked 
| 209|0x00000000cd100000, 0x00000000cd200000, 0x00000000cd200000|100%| O|  |TAMS 0x00000000cd100000| PB 0x00000000cd100000| Untracked 
| 210|0x00000000cd200000, 0x00000000cd2ffff0, 0x00000000cd300000| 99%| O|  |TAMS 0x00000000cd200000| PB 0x00000000cd200000| Untracked 
| 211|0x00000000cd300000, 0x00000000cd400000, 0x00000000cd400000|100%|HS|  |TAMS 0x00000000cd300000| PB 0x00000000cd300000| Complete 
| 212|0x00000000cd400000, 0x00000000cd500000, 0x00000000cd500000|100%|HC|  |TAMS 0x00000000cd400000| PB 0x00000000cd400000| Complete 
| 213|0x00000000cd500000, 0x00000000cd600000, 0x00000000cd600000|100%|HC|  |TAMS 0x00000000cd500000| PB 0x00000000cd500000| Complete 
| 214|0x00000000cd600000, 0x00000000cd700000, 0x00000000cd700000|100%|HC|  |TAMS 0x00000000cd600000| PB 0x00000000cd600000| Complete 
| 215|0x00000000cd700000, 0x00000000cd800000, 0x00000000cd800000|100%|HC|  |TAMS 0x00000000cd700000| PB 0x00000000cd700000| Complete 
| 216|0x00000000cd800000, 0x00000000cd900000, 0x00000000cd900000|100%|HC|  |TAMS 0x00000000cd800000| PB 0x00000000cd800000| Complete 
| 217|0x00000000cd900000, 0x00000000cda00000, 0x00000000cda00000|100%|HC|  |TAMS 0x00000000cd900000| PB 0x00000000cd900000| Complete 
| 218|0x00000000cda00000, 0x00000000cdb00000, 0x00000000cdb00000|100%|HC|  |TAMS 0x00000000cda00000| PB 0x00000000cda00000| Complete 
| 219|0x00000000cdb00000, 0x00000000cdc00000, 0x00000000cdc00000|100%|HC|  |TAMS 0x00000000cdb00000| PB 0x00000000cdb00000| Complete 
| 220|0x00000000cdc00000, 0x00000000cdd00000, 0x00000000cdd00000|100%|HC|  |TAMS 0x00000000cdc00000| PB 0x00000000cdc00000| Complete 
| 221|0x00000000cdd00000, 0x00000000cde00000, 0x00000000cde00000|100%|HC|  |TAMS 0x00000000cdd00000| PB 0x00000000cdd00000| Complete 
| 222|0x00000000cde00000, 0x00000000cdf00000, 0x00000000cdf00000|100%|HC|  |TAMS 0x00000000cde00000| PB 0x00000000cde00000| Complete 
| 223|0x00000000cdf00000, 0x00000000ce000000, 0x00000000ce000000|100%|HC|  |TAMS 0x00000000cdf00000| PB 0x00000000cdf00000| Complete 
| 224|0x00000000ce000000, 0x00000000ce100000, 0x00000000ce100000|100%|HC|  |TAMS 0x00000000ce000000| PB 0x00000000ce000000| Complete 
| 225|0x00000000ce100000, 0x00000000ce200000, 0x00000000ce200000|100%|HC|  |TAMS 0x00000000ce100000| PB 0x00000000ce100000| Complete 
| 226|0x00000000ce200000, 0x00000000ce300000, 0x00000000ce300000|100%|HC|  |TAMS 0x00000000ce200000| PB 0x00000000ce200000| Complete 
| 227|0x00000000ce300000, 0x00000000ce3ffff0, 0x00000000ce400000| 99%| O|  |TAMS 0x00000000ce300000| PB 0x00000000ce300000| Untracked 
| 228|0x00000000ce400000, 0x00000000ce4ffff0, 0x00000000ce500000| 99%| O|  |TAMS 0x00000000ce400000| PB 0x00000000ce400000| Untracked 
| 229|0x00000000ce500000, 0x00000000ce5ffff0, 0x00000000ce600000| 99%| O|  |TAMS 0x00000000ce500000| PB 0x00000000ce500000| Untracked 
| 230|0x00000000ce600000, 0x00000000ce700000, 0x00000000ce700000|100%| O|  |TAMS 0x00000000ce600000| PB 0x00000000ce600000| Untracked 
| 231|0x00000000ce700000, 0x00000000ce800000, 0x00000000ce800000|100%| O|  |TAMS 0x00000000ce700000| PB 0x00000000ce700000| Untracked 
| 232|0x00000000ce800000, 0x00000000ce8fffe0, 0x00000000ce900000| 99%| O|  |TAMS 0x00000000ce800000| PB 0x00000000ce800000| Untracked 
| 233|0x00000000ce900000, 0x00000000ce9fffd0, 0x00000000cea00000| 99%| O|  |TAMS 0x00000000ce900000| PB 0x00000000ce900000| Untracked 
| 234|0x00000000cea00000, 0x00000000ceaffff0, 0x00000000ceb00000| 99%| O|  |TAMS 0x00000000cea00000| PB 0x00000000cea00000| Untracked 
| 235|0x00000000ceb00000, 0x00000000cebfffd8, 0x00000000cec00000| 99%| O|  |TAMS 0x00000000ceb00000| PB 0x00000000ceb00000| Untracked 
| 236|0x00000000cec00000, 0x00000000cecfffb8, 0x00000000ced00000| 99%| O|  |TAMS 0x00000000cec00000| PB 0x00000000cec00000| Untracked 
| 237|0x00000000ced00000, 0x00000000cedfffe8, 0x00000000cee00000| 99%| O|  |TAMS 0x00000000ced00000| PB 0x00000000ced00000| Untracked 
| 238|0x00000000cee00000, 0x00000000ceefe868, 0x00000000cef00000| 99%| O|  |TAMS 0x00000000cee00000| PB 0x00000000cee00000| Untracked 
| 239|0x00000000cef00000, 0x00000000cf000000, 0x00000000cf000000|100%| O|  |TAMS 0x00000000cef00000| PB 0x00000000cef00000| Untracked 
| 240|0x00000000cf000000, 0x00000000cf100000, 0x00000000cf100000|100%| O|  |TAMS 0x00000000cf000000| PB 0x00000000cf000000| Untracked 
| 241|0x00000000cf100000, 0x00000000cf200000, 0x00000000cf200000|100%| O|  |TAMS 0x00000000cf100000| PB 0x00000000cf100000| Untracked 
| 242|0x00000000cf200000, 0x00000000cf300000, 0x00000000cf300000|100%| O|  |TAMS 0x00000000cf200000| PB 0x00000000cf200000| Untracked 
| 243|0x00000000cf300000, 0x00000000cf400000, 0x00000000cf400000|100%| O|  |TAMS 0x00000000cf300000| PB 0x00000000cf300000| Untracked 
| 244|0x00000000cf400000, 0x00000000cf4fffd0, 0x00000000cf500000| 99%| O|  |TAMS 0x00000000cf400000| PB 0x00000000cf400000| Untracked 
| 245|0x00000000cf500000, 0x00000000cf5ffff8, 0x00000000cf600000| 99%| O|  |TAMS 0x00000000cf500000| PB 0x00000000cf500000| Untracked 
| 246|0x00000000cf600000, 0x00000000cf6ffff8, 0x00000000cf700000| 99%| O|  |TAMS 0x00000000cf600000| PB 0x00000000cf600000| Untracked 
| 247|0x00000000cf700000, 0x00000000cf7fffc8, 0x00000000cf800000| 99%| O|  |TAMS 0x00000000cf700000| PB 0x00000000cf700000| Untracked 
| 248|0x00000000cf800000, 0x00000000cf900000, 0x00000000cf900000|100%| O|  |TAMS 0x00000000cf800000| PB 0x00000000cf800000| Untracked 
| 249|0x00000000cf900000, 0x00000000cfa00000, 0x00000000cfa00000|100%| O|  |TAMS 0x00000000cf900000| PB 0x00000000cf900000| Untracked 
| 250|0x00000000cfa00000, 0x00000000cfafffa0, 0x00000000cfb00000| 99%| O|  |TAMS 0x00000000cfa00000| PB 0x00000000cfa00000| Untracked 
| 251|0x00000000cfb00000, 0x00000000cfc00000, 0x00000000cfc00000|100%| O|  |TAMS 0x00000000cfb00000| PB 0x00000000cfb00000| Untracked 
| 252|0x00000000cfc00000, 0x00000000cfcffff0, 0x00000000cfd00000| 99%| O|  |TAMS 0x00000000cfc00000| PB 0x00000000cfc00000| Untracked 
| 253|0x00000000cfd00000, 0x00000000cfe00000, 0x00000000cfe00000|100%| O|  |TAMS 0x00000000cfd00000| PB 0x00000000cfd00000| Untracked 
| 254|0x00000000cfe00000, 0x00000000cfefffe8, 0x00000000cff00000| 99%| O|  |TAMS 0x00000000cfe00000| PB 0x00000000cfe00000| Untracked 
| 255|0x00000000cff00000, 0x00000000cffffff8, 0x00000000d0000000| 99%| O|  |TAMS 0x00000000cff00000| PB 0x00000000cff00000| Untracked 
| 256|0x00000000d0000000, 0x00000000d00fffd0, 0x00000000d0100000| 99%| O|  |TAMS 0x00000000d0000000| PB 0x00000000d0000000| Untracked 
| 257|0x00000000d0100000, 0x00000000d01fe8c8, 0x00000000d0200000| 99%| O|  |TAMS 0x00000000d0100000| PB 0x00000000d0100000| Untracked 
| 258|0x00000000d0200000, 0x00000000d02fffe0, 0x00000000d0300000| 99%| O|  |TAMS 0x00000000d0200000| PB 0x00000000d0200000| Untracked 
| 259|0x00000000d0300000, 0x00000000d03fe1c0, 0x00000000d0400000| 99%| O|  |TAMS 0x00000000d0300000| PB 0x00000000d0300000| Untracked 
| 260|0x00000000d0400000, 0x00000000d0500000, 0x00000000d0500000|100%| O|  |TAMS 0x00000000d0400000| PB 0x00000000d0400000| Untracked 
| 261|0x00000000d0500000, 0x00000000d05ffff8, 0x00000000d0600000| 99%| O|  |TAMS 0x00000000d0500000| PB 0x00000000d0500000| Untracked 
| 262|0x00000000d0600000, 0x00000000d06ffff8, 0x00000000d0700000| 99%| O|  |TAMS 0x00000000d0600000| PB 0x00000000d0600000| Untracked 
| 263|0x00000000d0700000, 0x00000000d0800000, 0x00000000d0800000|100%| O|  |TAMS 0x00000000d0700000| PB 0x00000000d0700000| Untracked 
| 264|0x00000000d0800000, 0x00000000d0900000, 0x00000000d0900000|100%| O|  |TAMS 0x00000000d0800000| PB 0x00000000d0800000| Untracked 
| 265|0x00000000d0900000, 0x00000000d09fd138, 0x00000000d0a00000| 98%| O|  |TAMS 0x00000000d0900000| PB 0x00000000d0900000| Untracked 
| 266|0x00000000d0a00000, 0x00000000d0affff0, 0x00000000d0b00000| 99%| O|  |TAMS 0x00000000d0a00000| PB 0x00000000d0a00000| Untracked 
| 267|0x00000000d0b00000, 0x00000000d0bfffd8, 0x00000000d0c00000| 99%| O|  |TAMS 0x00000000d0b00000| PB 0x00000000d0b00000| Untracked 
| 268|0x00000000d0c00000, 0x00000000d0d00000, 0x00000000d0d00000|100%| O|  |TAMS 0x00000000d0c00000| PB 0x00000000d0c00000| Untracked 
| 269|0x00000000d0d00000, 0x00000000d0dffff0, 0x00000000d0e00000| 99%| O|  |TAMS 0x00000000d0d00000| PB 0x00000000d0d00000| Untracked 
| 270|0x00000000d0e00000, 0x00000000d0f00000, 0x00000000d0f00000|100%| O|  |TAMS 0x00000000d0e00000| PB 0x00000000d0e00000| Untracked 
| 271|0x00000000d0f00000, 0x00000000d0fffff0, 0x00000000d1000000| 99%| O|  |TAMS 0x00000000d0f00000| PB 0x00000000d0f00000| Untracked 
| 272|0x00000000d1000000, 0x00000000d1100000, 0x00000000d1100000|100%| O|  |TAMS 0x00000000d1000000| PB 0x00000000d1000000| Untracked 
| 273|0x00000000d1100000, 0x00000000d11ffff0, 0x00000000d1200000| 99%| O|  |TAMS 0x00000000d1100000| PB 0x00000000d1100000| Untracked 
| 274|0x00000000d1200000, 0x00000000d12ffff0, 0x00000000d1300000| 99%| O|  |TAMS 0x00000000d1200000| PB 0x00000000d1200000| Untracked 
| 275|0x00000000d1300000, 0x00000000d1400000, 0x00000000d1400000|100%| O|  |TAMS 0x00000000d1300000| PB 0x00000000d1300000| Untracked 
| 276|0x00000000d1400000, 0x00000000d14fe3b8, 0x00000000d1500000| 99%| O|  |TAMS 0x00000000d1400000| PB 0x00000000d1400000| Untracked 
| 277|0x00000000d1500000, 0x00000000d1600000, 0x00000000d1600000|100%| O|  |TAMS 0x00000000d1500000| PB 0x00000000d1500000| Untracked 
| 278|0x00000000d1600000, 0x00000000d1700000, 0x00000000d1700000|100%| O|  |TAMS 0x00000000d1600000| PB 0x00000000d1600000| Untracked 
| 279|0x00000000d1700000, 0x00000000d17fffe8, 0x00000000d1800000| 99%| O|  |TAMS 0x00000000d1700000| PB 0x00000000d1700000| Untracked 
| 280|0x00000000d1800000, 0x00000000d1900000, 0x00000000d1900000|100%| O|  |TAMS 0x00000000d1800000| PB 0x00000000d1800000| Untracked 
| 281|0x00000000d1900000, 0x00000000d1a00000, 0x00000000d1a00000|100%|HS|  |TAMS 0x00000000d1900000| PB 0x00000000d1900000| Complete 
| 282|0x00000000d1a00000, 0x00000000d1b00000, 0x00000000d1b00000|100%| O|  |TAMS 0x00000000d1a00000| PB 0x00000000d1a00000| Untracked 
| 283|0x00000000d1b00000, 0x00000000d1bffff8, 0x00000000d1c00000| 99%| O|  |TAMS 0x00000000d1b00000| PB 0x00000000d1b00000| Untracked 
| 284|0x00000000d1c00000, 0x00000000d1cfffd0, 0x00000000d1d00000| 99%| O|  |TAMS 0x00000000d1c00000| PB 0x00000000d1c00000| Untracked 
| 285|0x00000000d1d00000, 0x00000000d1e00000, 0x00000000d1e00000|100%| O|  |TAMS 0x00000000d1d00000| PB 0x00000000d1d00000| Untracked 
| 286|0x00000000d1e00000, 0x00000000d1efec70, 0x00000000d1f00000| 99%| O|  |TAMS 0x00000000d1e00000| PB 0x00000000d1e00000| Untracked 
| 287|0x00000000d1f00000, 0x00000000d1fff950, 0x00000000d2000000| 99%| O|  |TAMS 0x00000000d1f00000| PB 0x00000000d1f00000| Untracked 
| 288|0x00000000d2000000, 0x00000000d20ffff8, 0x00000000d2100000| 99%| O|  |TAMS 0x00000000d2000000| PB 0x00000000d2000000| Untracked 
| 289|0x00000000d2100000, 0x00000000d2200000, 0x00000000d2200000|100%| O|  |TAMS 0x00000000d2100000| PB 0x00000000d2100000| Untracked 
| 290|0x00000000d2200000, 0x00000000d2300000, 0x00000000d2300000|100%| O|  |TAMS 0x00000000d2200000| PB 0x00000000d2200000| Untracked 
| 291|0x00000000d2300000, 0x00000000d23ff220, 0x00000000d2400000| 99%| O|  |TAMS 0x00000000d2300000| PB 0x00000000d2300000| Untracked 
| 292|0x00000000d2400000, 0x00000000d2500000, 0x00000000d2500000|100%| O|  |TAMS 0x00000000d2400000| PB 0x00000000d2400000| Untracked 
| 293|0x00000000d2500000, 0x00000000d25ffd20, 0x00000000d2600000| 99%| O|  |TAMS 0x00000000d2500000| PB 0x00000000d2500000| Untracked 
| 294|0x00000000d2600000, 0x00000000d2700000, 0x00000000d2700000|100%| O|  |TAMS 0x00000000d2600000| PB 0x00000000d2600000| Untracked 
| 295|0x00000000d2700000, 0x00000000d27ffff8, 0x00000000d2800000| 99%| O|  |TAMS 0x00000000d2700000| PB 0x00000000d2700000| Untracked 
| 296|0x00000000d2800000, 0x00000000d28fffb0, 0x00000000d2900000| 99%| O|  |TAMS 0x00000000d2800000| PB 0x00000000d2800000| Untracked 
| 297|0x00000000d2900000, 0x00000000d29fffb0, 0x00000000d2a00000| 99%| O|  |TAMS 0x00000000d2900000| PB 0x00000000d2900000| Untracked 
| 298|0x00000000d2a00000, 0x00000000d2afffd8, 0x00000000d2b00000| 99%| O|  |TAMS 0x00000000d2a00000| PB 0x00000000d2a00000| Untracked 
| 299|0x00000000d2b00000, 0x00000000d2c00000, 0x00000000d2c00000|100%| O|  |TAMS 0x00000000d2b00000| PB 0x00000000d2b00000| Untracked 
| 300|0x00000000d2c00000, 0x00000000d2d00000, 0x00000000d2d00000|100%|HS|  |TAMS 0x00000000d2c00000| PB 0x00000000d2c00000| Complete 
| 301|0x00000000d2d00000, 0x00000000d2dffff8, 0x00000000d2e00000| 99%| O|  |TAMS 0x00000000d2d00000| PB 0x00000000d2d00000| Untracked 
| 302|0x00000000d2e00000, 0x00000000d2edda30, 0x00000000d2f00000| 86%| O|  |TAMS 0x00000000d2e00000| PB 0x00000000d2e00000| Untracked 
| 303|0x00000000d2f00000, 0x00000000d2fffff8, 0x00000000d3000000| 99%| O|  |TAMS 0x00000000d2f00000| PB 0x00000000d2f00000| Untracked 
| 304|0x00000000d3000000, 0x00000000d30fffe8, 0x00000000d3100000| 99%| O|  |TAMS 0x00000000d3000000| PB 0x00000000d3000000| Untracked 
| 305|0x00000000d3100000, 0x00000000d31fffe0, 0x00000000d3200000| 99%| O|  |TAMS 0x00000000d3100000| PB 0x00000000d3100000| Untracked 
| 306|0x00000000d3200000, 0x00000000d3300000, 0x00000000d3300000|100%| O|  |TAMS 0x00000000d3200000| PB 0x00000000d3200000| Untracked 
| 307|0x00000000d3300000, 0x00000000d33ffff8, 0x00000000d3400000| 99%| O|  |TAMS 0x00000000d3300000| PB 0x00000000d3300000| Untracked 
| 308|0x00000000d3400000, 0x00000000d34ffff0, 0x00000000d3500000| 99%| O|  |TAMS 0x00000000d3400000| PB 0x00000000d3400000| Untracked 
| 309|0x00000000d3500000, 0x00000000d3600000, 0x00000000d3600000|100%| O|  |TAMS 0x00000000d3500000| PB 0x00000000d3500000| Untracked 
| 310|0x00000000d3600000, 0x00000000d3700000, 0x00000000d3700000|100%| O|  |TAMS 0x00000000d3600000| PB 0x00000000d3600000| Untracked 
| 311|0x00000000d3700000, 0x00000000d3800000, 0x00000000d3800000|100%| O|  |TAMS 0x00000000d3700000| PB 0x00000000d3700000| Untracked 
| 312|0x00000000d3800000, 0x00000000d38fdbc0, 0x00000000d3900000| 99%| O|  |TAMS 0x00000000d3800000| PB 0x00000000d3800000| Untracked 
| 313|0x00000000d3900000, 0x00000000d3a00000, 0x00000000d3a00000|100%|HS|  |TAMS 0x00000000d3900000| PB 0x00000000d3900000| Complete 
| 314|0x00000000d3a00000, 0x00000000d3b00000, 0x00000000d3b00000|100%|HC|  |TAMS 0x00000000d3a00000| PB 0x00000000d3a00000| Complete 
| 315|0x00000000d3b00000, 0x00000000d3c00000, 0x00000000d3c00000|100%| O|  |TAMS 0x00000000d3b00000| PB 0x00000000d3b00000| Untracked 
| 316|0x00000000d3c00000, 0x00000000d3d00000, 0x00000000d3d00000|100%| O|  |TAMS 0x00000000d3c00000| PB 0x00000000d3c00000| Untracked 
| 317|0x00000000d3d00000, 0x00000000d3dfffa8, 0x00000000d3e00000| 99%| O|  |TAMS 0x00000000d3d00000| PB 0x00000000d3d00000| Untracked 
| 318|0x00000000d3e00000, 0x00000000d3effff0, 0x00000000d3f00000| 99%| O|  |TAMS 0x00000000d3e00000| PB 0x00000000d3e00000| Untracked 
| 319|0x00000000d3f00000, 0x00000000d4000000, 0x00000000d4000000|100%| O|  |TAMS 0x00000000d3f00000| PB 0x00000000d3f00000| Untracked 
| 320|0x00000000d4000000, 0x00000000d4100000, 0x00000000d4100000|100%| O|  |TAMS 0x00000000d4000000| PB 0x00000000d4000000| Untracked 
| 321|0x00000000d4100000, 0x00000000d4200000, 0x00000000d4200000|100%| O|  |TAMS 0x00000000d4100000| PB 0x00000000d4100000| Untracked 
| 322|0x00000000d4200000, 0x00000000d42f45a0, 0x00000000d4300000| 95%| O|  |TAMS 0x00000000d4200000| PB 0x00000000d4200000| Untracked 
| 323|0x00000000d4300000, 0x00000000d43ffff0, 0x00000000d4400000| 99%| O|  |TAMS 0x00000000d4300000| PB 0x00000000d4300000| Untracked 
| 324|0x00000000d4400000, 0x00000000d44ffc20, 0x00000000d4500000| 99%| O|  |TAMS 0x00000000d4400000| PB 0x00000000d4400000| Untracked 
| 325|0x00000000d4500000, 0x00000000d4600000, 0x00000000d4600000|100%| O|  |TAMS 0x00000000d4500000| PB 0x00000000d4500000| Untracked 
| 326|0x00000000d4600000, 0x00000000d4700000, 0x00000000d4700000|100%| O|  |TAMS 0x00000000d4600000| PB 0x00000000d4600000| Untracked 
| 327|0x00000000d4700000, 0x00000000d47fffe0, 0x00000000d4800000| 99%| O|  |TAMS 0x00000000d4700000| PB 0x00000000d4700000| Untracked 
| 328|0x00000000d4800000, 0x00000000d48ffff8, 0x00000000d4900000| 99%| O|  |TAMS 0x00000000d4800000| PB 0x00000000d4800000| Untracked 
| 329|0x00000000d4900000, 0x00000000d4a00000, 0x00000000d4a00000|100%| O|  |TAMS 0x00000000d4900000| PB 0x00000000d4900000| Untracked 
| 330|0x00000000d4a00000, 0x00000000d4b00000, 0x00000000d4b00000|100%| O|  |TAMS 0x00000000d4a00000| PB 0x00000000d4a00000| Untracked 
| 331|0x00000000d4b00000, 0x00000000d4bffff0, 0x00000000d4c00000| 99%| O|  |TAMS 0x00000000d4b00000| PB 0x00000000d4b00000| Untracked 
| 332|0x00000000d4c00000, 0x00000000d4d00000, 0x00000000d4d00000|100%| O|  |TAMS 0x00000000d4c00000| PB 0x00000000d4c00000| Untracked 
| 333|0x00000000d4d00000, 0x00000000d4dffff0, 0x00000000d4e00000| 99%| O|  |TAMS 0x00000000d4d00000| PB 0x00000000d4d00000| Untracked 
| 334|0x00000000d4e00000, 0x00000000d4effff0, 0x00000000d4f00000| 99%| O|  |TAMS 0x00000000d4e00000| PB 0x00000000d4e00000| Untracked 
| 335|0x00000000d4f00000, 0x00000000d5000000, 0x00000000d5000000|100%| O|  |TAMS 0x00000000d4f00000| PB 0x00000000d4f00000| Untracked 
| 336|0x00000000d5000000, 0x00000000d50fffe8, 0x00000000d5100000| 99%| O|  |TAMS 0x00000000d5000000| PB 0x00000000d5000000| Untracked 
| 337|0x00000000d5100000, 0x00000000d51ffff0, 0x00000000d5200000| 99%| O|  |TAMS 0x00000000d5100000| PB 0x00000000d5100000| Untracked 
| 338|0x00000000d5200000, 0x00000000d52fff08, 0x00000000d5300000| 99%| O|  |TAMS 0x00000000d5200000| PB 0x00000000d5200000| Untracked 
| 339|0x00000000d5300000, 0x00000000d5400000, 0x00000000d5400000|100%|HS|  |TAMS 0x00000000d5300000| PB 0x00000000d5300000| Complete 
| 340|0x00000000d5400000, 0x00000000d54ffff8, 0x00000000d5500000| 99%| O|  |TAMS 0x00000000d5400000| PB 0x00000000d5400000| Untracked 
| 341|0x00000000d5500000, 0x00000000d5600000, 0x00000000d5600000|100%| O|  |TAMS 0x00000000d5500000| PB 0x00000000d5500000| Untracked 
| 342|0x00000000d5600000, 0x00000000d5700000, 0x00000000d5700000|100%| O|  |TAMS 0x00000000d5600000| PB 0x00000000d5600000| Untracked 
| 343|0x00000000d5700000, 0x00000000d5800000, 0x00000000d5800000|100%|HS|  |TAMS 0x00000000d5700000| PB 0x00000000d5700000| Complete 
| 344|0x00000000d5800000, 0x00000000d5900000, 0x00000000d5900000|100%|HC|  |TAMS 0x00000000d5800000| PB 0x00000000d5800000| Complete 
| 345|0x00000000d5900000, 0x00000000d5a00000, 0x00000000d5a00000|100%| O|  |TAMS 0x00000000d5900000| PB 0x00000000d5900000| Untracked 
| 346|0x00000000d5a00000, 0x00000000d5b00000, 0x00000000d5b00000|100%| O|  |TAMS 0x00000000d5a00000| PB 0x00000000d5a00000| Untracked 
| 347|0x00000000d5b00000, 0x00000000d5c00000, 0x00000000d5c00000|100%| O|  |TAMS 0x00000000d5b00000| PB 0x00000000d5b00000| Untracked 
| 348|0x00000000d5c00000, 0x00000000d5d00000, 0x00000000d5d00000|100%| O|  |TAMS 0x00000000d5c00000| PB 0x00000000d5c00000| Untracked 
| 349|0x00000000d5d00000, 0x00000000d5ddbfd0, 0x00000000d5e00000| 85%| O|  |TAMS 0x00000000d5d00000| PB 0x00000000d5d00000| Untracked 
| 350|0x00000000d5e00000, 0x00000000d5f00000, 0x00000000d5f00000|100%| O|  |TAMS 0x00000000d5e00000| PB 0x00000000d5e00000| Untracked 
| 351|0x00000000d5f00000, 0x00000000d6000000, 0x00000000d6000000|100%| O|  |TAMS 0x00000000d5f00000| PB 0x00000000d5f00000| Untracked 
| 352|0x00000000d6000000, 0x00000000d6100000, 0x00000000d6100000|100%| O|  |TAMS 0x00000000d6000000| PB 0x00000000d6000000| Untracked 
| 353|0x00000000d6100000, 0x00000000d6200000, 0x00000000d6200000|100%| O|  |TAMS 0x00000000d6100000| PB 0x00000000d6100000| Untracked 
| 354|0x00000000d6200000, 0x00000000d6300000, 0x00000000d6300000|100%| O|  |TAMS 0x00000000d6200000| PB 0x00000000d6200000| Untracked 
| 355|0x00000000d6300000, 0x00000000d6400000, 0x00000000d6400000|100%| O|  |TAMS 0x00000000d6300000| PB 0x00000000d6300000| Untracked 
| 356|0x00000000d6400000, 0x00000000d6500000, 0x00000000d6500000|100%| O|  |TAMS 0x00000000d6400000| PB 0x00000000d6400000| Untracked 
| 357|0x00000000d6500000, 0x00000000d6600000, 0x00000000d6600000|100%| O|  |TAMS 0x00000000d6500000| PB 0x00000000d6500000| Untracked 
| 358|0x00000000d6600000, 0x00000000d6600000, 0x00000000d6700000|  0%| F|  |TAMS 0x00000000d6600000| PB 0x00000000d6600000| Untracked 
| 359|0x00000000d6700000, 0x00000000d67fffc0, 0x00000000d6800000| 99%| O|  |TAMS 0x00000000d6700000| PB 0x00000000d6700000| Untracked 
| 360|0x00000000d6800000, 0x00000000d6900000, 0x00000000d6900000|100%| O|  |TAMS 0x00000000d6800000| PB 0x00000000d6800000| Untracked 
| 361|0x00000000d6900000, 0x00000000d6a00000, 0x00000000d6a00000|100%| O|  |TAMS 0x00000000d6900000| PB 0x00000000d6900000| Untracked 
| 362|0x00000000d6a00000, 0x00000000d6b00000, 0x00000000d6b00000|100%| O|  |TAMS 0x00000000d6a00000| PB 0x00000000d6a00000| Untracked 
| 363|0x00000000d6b00000, 0x00000000d6c00000, 0x00000000d6c00000|100%| O|  |TAMS 0x00000000d6b00000| PB 0x00000000d6b00000| Untracked 
| 364|0x00000000d6c00000, 0x00000000d6d00000, 0x00000000d6d00000|100%|HS|  |TAMS 0x00000000d6c00000| PB 0x00000000d6c00000| Complete 
| 365|0x00000000d6d00000, 0x00000000d6e00000, 0x00000000d6e00000|100%|HC|  |TAMS 0x00000000d6d00000| PB 0x00000000d6d00000| Complete 
| 366|0x00000000d6e00000, 0x00000000d6f00000, 0x00000000d6f00000|100%|HC|  |TAMS 0x00000000d6e00000| PB 0x00000000d6e00000| Complete 
| 367|0x00000000d6f00000, 0x00000000d7000000, 0x00000000d7000000|100%|HC|  |TAMS 0x00000000d6f00000| PB 0x00000000d6f00000| Complete 
| 368|0x00000000d7000000, 0x00000000d7100000, 0x00000000d7100000|100%|HC|  |TAMS 0x00000000d7000000| PB 0x00000000d7000000| Complete 
| 369|0x00000000d7100000, 0x00000000d7200000, 0x00000000d7200000|100%|HC|  |TAMS 0x00000000d7100000| PB 0x00000000d7100000| Complete 
| 370|0x00000000d7200000, 0x00000000d7200000, 0x00000000d7300000|  0%| F|  |TAMS 0x00000000d7200000| PB 0x00000000d7200000| Untracked 
| 371|0x00000000d7300000, 0x00000000d73ffff0, 0x00000000d7400000| 99%| O|  |TAMS 0x00000000d7300000| PB 0x00000000d7300000| Untracked 
| 372|0x00000000d7400000, 0x00000000d7500000, 0x00000000d7500000|100%| O|  |TAMS 0x00000000d7400000| PB 0x00000000d7400000| Untracked 
| 373|0x00000000d7500000, 0x00000000d7600000, 0x00000000d7600000|100%| O|  |TAMS 0x00000000d7500000| PB 0x00000000d7500000| Untracked 
| 374|0x00000000d7600000, 0x00000000d76ffff0, 0x00000000d7700000| 99%| O|  |TAMS 0x00000000d7600000| PB 0x00000000d7600000| Untracked 
| 375|0x00000000d7700000, 0x00000000d7800000, 0x00000000d7800000|100%| O|Cm|TAMS 0x00000000d7700000| PB 0x00000000d7700000| Complete 
| 376|0x00000000d7800000, 0x00000000d78ceda8, 0x00000000d7900000| 80%| O|Cm|TAMS 0x00000000d7800000| PB 0x00000000d7800000| Complete 
| 377|0x00000000d7900000, 0x00000000d7a00000, 0x00000000d7a00000|100%|HS|  |TAMS 0x00000000d7900000| PB 0x00000000d7900000| Complete 
| 378|0x00000000d7a00000, 0x00000000d7b00000, 0x00000000d7b00000|100%|HC|  |TAMS 0x00000000d7a00000| PB 0x00000000d7a00000| Complete 
| 379|0x00000000d7b00000, 0x00000000d7c00000, 0x00000000d7c00000|100%|HC|  |TAMS 0x00000000d7b00000| PB 0x00000000d7b00000| Complete 
| 380|0x00000000d7c00000, 0x00000000d7d00000, 0x00000000d7d00000|100%|HC|  |TAMS 0x00000000d7c00000| PB 0x00000000d7c00000| Complete 
| 381|0x00000000d7d00000, 0x00000000d7e00000, 0x00000000d7e00000|100%|HC|  |TAMS 0x00000000d7d00000| PB 0x00000000d7d00000| Complete 
| 382|0x00000000d7e00000, 0x00000000d7f00000, 0x00000000d7f00000|100%|HC|  |TAMS 0x00000000d7e00000| PB 0x00000000d7e00000| Complete 
| 383|0x00000000d7f00000, 0x00000000d8000000, 0x00000000d8000000|100%|HC|  |TAMS 0x00000000d7f00000| PB 0x00000000d7f00000| Complete 
| 384|0x00000000d8000000, 0x00000000d8100000, 0x00000000d8100000|100%|HC|  |TAMS 0x00000000d8000000| PB 0x00000000d8000000| Complete 
| 385|0x00000000d8100000, 0x00000000d8200000, 0x00000000d8200000|100%|HC|  |TAMS 0x00000000d8100000| PB 0x00000000d8100000| Complete 
| 386|0x00000000d8200000, 0x00000000d8300000, 0x00000000d8300000|100%|HC|  |TAMS 0x00000000d8200000| PB 0x00000000d8200000| Complete 
| 387|0x00000000d8300000, 0x00000000d8400000, 0x00000000d8400000|100%|HC|  |TAMS 0x00000000d8300000| PB 0x00000000d8300000| Complete 
| 388|0x00000000d8400000, 0x00000000d8500000, 0x00000000d8500000|100%|HC|  |TAMS 0x00000000d8400000| PB 0x00000000d8400000| Complete 
| 389|0x00000000d8500000, 0x00000000d8600000, 0x00000000d8600000|100%|HC|  |TAMS 0x00000000d8500000| PB 0x00000000d8500000| Complete 
| 390|0x00000000d8600000, 0x00000000d8700000, 0x00000000d8700000|100%|HC|  |TAMS 0x00000000d8600000| PB 0x00000000d8600000| Complete 
| 391|0x00000000d8700000, 0x00000000d8800000, 0x00000000d8800000|100%|HC|  |TAMS 0x00000000d8700000| PB 0x00000000d8700000| Complete 
| 392|0x00000000d8800000, 0x00000000d8900000, 0x00000000d8900000|100%|HC|  |TAMS 0x00000000d8800000| PB 0x00000000d8800000| Complete 
| 393|0x00000000d8900000, 0x00000000d8a00000, 0x00000000d8a00000|100%| O|  |TAMS 0x00000000d8900000| PB 0x00000000d8900000| Untracked 
| 394|0x00000000d8a00000, 0x00000000d8ad7738, 0x00000000d8b00000| 84%| O|  |TAMS 0x00000000d8a00000| PB 0x00000000d8a00000| Untracked 
| 395|0x00000000d8b00000, 0x00000000d8c00000, 0x00000000d8c00000|100%| O|  |TAMS 0x00000000d8b00000| PB 0x00000000d8b00000| Untracked 
| 396|0x00000000d8c00000, 0x00000000d8d00000, 0x00000000d8d00000|100%| O|  |TAMS 0x00000000d8c00000| PB 0x00000000d8c00000| Untracked 
| 397|0x00000000d8d00000, 0x00000000d8dd1fa8, 0x00000000d8e00000| 82%| O|Cm|TAMS 0x00000000d8d00000| PB 0x00000000d8d00000| Complete 
| 398|0x00000000d8e00000, 0x00000000d8f00000, 0x00000000d8f00000|100%| O|Cm|TAMS 0x00000000d8e00000| PB 0x00000000d8e00000| Complete 
| 399|0x00000000d8f00000, 0x00000000d9000000, 0x00000000d9000000|100%| O|Cm|TAMS 0x00000000d8f00000| PB 0x00000000d8f00000| Complete 
| 400|0x00000000d9000000, 0x00000000d9092c08, 0x00000000d9100000| 57%| O|  |TAMS 0x00000000d9000000| PB 0x00000000d9000000| Untracked 
| 401|0x00000000d9100000, 0x00000000d91c49e0, 0x00000000d9200000| 76%| O|  |TAMS 0x00000000d9100000| PB 0x00000000d9100000| Untracked 
| 402|0x00000000d9200000, 0x00000000d9300000, 0x00000000d9300000|100%| O|  |TAMS 0x00000000d9200000| PB 0x00000000d9200000| Untracked 
| 403|0x00000000d9300000, 0x00000000d9400000, 0x00000000d9400000|100%| O|  |TAMS 0x00000000d9300000| PB 0x00000000d9300000| Untracked 
| 404|0x00000000d9400000, 0x00000000d9500000, 0x00000000d9500000|100%| O|  |TAMS 0x00000000d9400000| PB 0x00000000d9400000| Untracked 
| 405|0x00000000d9500000, 0x00000000d9600000, 0x00000000d9600000|100%| O|  |TAMS 0x00000000d9500000| PB 0x00000000d9500000| Untracked 
| 406|0x00000000d9600000, 0x00000000d9700000, 0x00000000d9700000|100%| O|  |TAMS 0x00000000d9600000| PB 0x00000000d9600000| Untracked 
| 407|0x00000000d9700000, 0x00000000d97f0d20, 0x00000000d9800000| 94%| O|  |TAMS 0x00000000d9700000| PB 0x00000000d9700000| Untracked 
| 408|0x00000000d9800000, 0x00000000d9900000, 0x00000000d9900000|100%| O|  |TAMS 0x00000000d9800000| PB 0x00000000d9800000| Untracked 
| 409|0x00000000d9900000, 0x00000000d99fffd0, 0x00000000d9a00000| 99%| O|  |TAMS 0x00000000d9900000| PB 0x00000000d9900000| Untracked 
| 410|0x00000000d9a00000, 0x00000000d9a00000, 0x00000000d9b00000|  0%| F|  |TAMS 0x00000000d9a00000| PB 0x00000000d9a00000| Untracked 
| 411|0x00000000d9b00000, 0x00000000d9c00000, 0x00000000d9c00000|100%| O|  |TAMS 0x00000000d9b00000| PB 0x00000000d9b00000| Untracked 
| 412|0x00000000d9c00000, 0x00000000d9c00000, 0x00000000d9d00000|  0%| F|  |TAMS 0x00000000d9c00000| PB 0x00000000d9c00000| Untracked 
| 413|0x00000000d9d00000, 0x00000000d9e00000, 0x00000000d9e00000|100%| O|  |TAMS 0x00000000d9d00000| PB 0x00000000d9d00000| Untracked 
| 414|0x00000000d9e00000, 0x00000000d9f00000, 0x00000000d9f00000|100%| O|  |TAMS 0x00000000d9e00000| PB 0x00000000d9e00000| Untracked 
| 415|0x00000000d9f00000, 0x00000000da000000, 0x00000000da000000|100%| O|  |TAMS 0x00000000d9f00000| PB 0x00000000d9f00000| Untracked 
| 416|0x00000000da000000, 0x00000000da000000, 0x00000000da100000|  0%| F|  |TAMS 0x00000000da000000| PB 0x00000000da000000| Untracked 
| 417|0x00000000da100000, 0x00000000da200000, 0x00000000da200000|100%| O|  |TAMS 0x00000000da100000| PB 0x00000000da100000| Untracked 
| 418|0x00000000da200000, 0x00000000da2ffff8, 0x00000000da300000| 99%| O|  |TAMS 0x00000000da200000| PB 0x00000000da200000| Untracked 
| 419|0x00000000da300000, 0x00000000da400000, 0x00000000da400000|100%| O|  |TAMS 0x00000000da300000| PB 0x00000000da300000| Untracked 
| 420|0x00000000da400000, 0x00000000da500000, 0x00000000da500000|100%|HS|  |TAMS 0x00000000da400000| PB 0x00000000da400000| Complete 
| 421|0x00000000da500000, 0x00000000da600000, 0x00000000da600000|100%| O|  |TAMS 0x00000000da500000| PB 0x00000000da500000| Untracked 
| 422|0x00000000da600000, 0x00000000da700000, 0x00000000da700000|100%|HS|  |TAMS 0x00000000da600000| PB 0x00000000da600000| Complete 
| 423|0x00000000da700000, 0x00000000da800000, 0x00000000da800000|100%|HC|  |TAMS 0x00000000da700000| PB 0x00000000da700000| Complete 
| 424|0x00000000da800000, 0x00000000da900000, 0x00000000da900000|100%| O|  |TAMS 0x00000000da800000| PB 0x00000000da800000| Untracked 
| 425|0x00000000da900000, 0x00000000daa00000, 0x00000000daa00000|100%|HS|  |TAMS 0x00000000da900000| PB 0x00000000da900000| Complete 
| 426|0x00000000daa00000, 0x00000000dab00000, 0x00000000dab00000|100%|HC|  |TAMS 0x00000000daa00000| PB 0x00000000daa00000| Complete 
| 427|0x00000000dab00000, 0x00000000dac00000, 0x00000000dac00000|100%|HC|  |TAMS 0x00000000dab00000| PB 0x00000000dab00000| Complete 
| 428|0x00000000dac00000, 0x00000000dad00000, 0x00000000dad00000|100%|HC|  |TAMS 0x00000000dac00000| PB 0x00000000dac00000| Complete 
| 429|0x00000000dad00000, 0x00000000dae00000, 0x00000000dae00000|100%|HC|  |TAMS 0x00000000dad00000| PB 0x00000000dad00000| Complete 
| 430|0x00000000dae00000, 0x00000000daf00000, 0x00000000daf00000|100%|HC|  |TAMS 0x00000000dae00000| PB 0x00000000dae00000| Complete 
| 431|0x00000000daf00000, 0x00000000db000000, 0x00000000db000000|100%|HC|  |TAMS 0x00000000daf00000| PB 0x00000000daf00000| Complete 
| 432|0x00000000db000000, 0x00000000db100000, 0x00000000db100000|100%|HC|  |TAMS 0x00000000db000000| PB 0x00000000db000000| Complete 
| 433|0x00000000db100000, 0x00000000db200000, 0x00000000db200000|100%|HC|  |TAMS 0x00000000db100000| PB 0x00000000db100000| Complete 
| 434|0x00000000db200000, 0x00000000db300000, 0x00000000db300000|100%|HC|  |TAMS 0x00000000db200000| PB 0x00000000db200000| Complete 
| 435|0x00000000db300000, 0x00000000db400000, 0x00000000db400000|100%|HC|  |TAMS 0x00000000db300000| PB 0x00000000db300000| Complete 
| 436|0x00000000db400000, 0x00000000db500000, 0x00000000db500000|100%|HC|  |TAMS 0x00000000db400000| PB 0x00000000db400000| Complete 
| 437|0x00000000db500000, 0x00000000db600000, 0x00000000db600000|100%|HC|  |TAMS 0x00000000db500000| PB 0x00000000db500000| Complete 
| 438|0x00000000db600000, 0x00000000db700000, 0x00000000db700000|100%|HC|  |TAMS 0x00000000db600000| PB 0x00000000db600000| Complete 
| 439|0x00000000db700000, 0x00000000db800000, 0x00000000db800000|100%|HC|  |TAMS 0x00000000db700000| PB 0x00000000db700000| Complete 
| 440|0x00000000db800000, 0x00000000db900000, 0x00000000db900000|100%|HC|  |TAMS 0x00000000db800000| PB 0x00000000db800000| Complete 
| 441|0x00000000db900000, 0x00000000db900000, 0x00000000dba00000|  0%| F|  |TAMS 0x00000000db900000| PB 0x00000000db900000| Untracked 
| 442|0x00000000dba00000, 0x00000000dbb00000, 0x00000000dbb00000|100%| O|  |TAMS 0x00000000dba00000| PB 0x00000000dba00000| Untracked 
| 443|0x00000000dbb00000, 0x00000000dbc00000, 0x00000000dbc00000|100%| O|  |TAMS 0x00000000dbb00000| PB 0x00000000dbb00000| Untracked 
| 444|0x00000000dbc00000, 0x00000000dbd00000, 0x00000000dbd00000|100%| O|  |TAMS 0x00000000dbc00000| PB 0x00000000dbc00000| Untracked 
| 445|0x00000000dbd00000, 0x00000000dbe00000, 0x00000000dbe00000|100%| O|  |TAMS 0x00000000dbd00000| PB 0x00000000dbd00000| Untracked 
| 446|0x00000000dbe00000, 0x00000000dbe00000, 0x00000000dbf00000|  0%| F|  |TAMS 0x00000000dbe00000| PB 0x00000000dbe00000| Untracked 
| 447|0x00000000dbf00000, 0x00000000dbf00000, 0x00000000dc000000|  0%| F|  |TAMS 0x00000000dbf00000| PB 0x00000000dbf00000| Untracked 
| 448|0x00000000dc000000, 0x00000000dc100000, 0x00000000dc100000|100%|HS|  |TAMS 0x00000000dc000000| PB 0x00000000dc000000| Complete 
| 449|0x00000000dc100000, 0x00000000dc200000, 0x00000000dc200000|100%|HC|  |TAMS 0x00000000dc100000| PB 0x00000000dc100000| Complete 
| 450|0x00000000dc200000, 0x00000000dc200000, 0x00000000dc300000|  0%| F|  |TAMS 0x00000000dc200000| PB 0x00000000dc200000| Untracked 
| 451|0x00000000dc300000, 0x00000000dc300000, 0x00000000dc400000|  0%| F|  |TAMS 0x00000000dc300000| PB 0x00000000dc300000| Untracked 
| 452|0x00000000dc400000, 0x00000000dc4ffff0, 0x00000000dc500000| 99%| O|  |TAMS 0x00000000dc400000| PB 0x00000000dc400000| Untracked 
| 453|0x00000000dc500000, 0x00000000dc500000, 0x00000000dc600000|  0%| F|  |TAMS 0x00000000dc500000| PB 0x00000000dc500000| Untracked 
| 454|0x00000000dc600000, 0x00000000dc600000, 0x00000000dc700000|  0%| F|  |TAMS 0x00000000dc600000| PB 0x00000000dc600000| Untracked 
| 455|0x00000000dc700000, 0x00000000dc700000, 0x00000000dc800000|  0%| F|  |TAMS 0x00000000dc700000| PB 0x00000000dc700000| Untracked 
| 456|0x00000000dc800000, 0x00000000dc800000, 0x00000000dc900000|  0%| F|  |TAMS 0x00000000dc800000| PB 0x00000000dc800000| Untracked 
| 457|0x00000000dc900000, 0x00000000dc900000, 0x00000000dca00000|  0%| F|  |TAMS 0x00000000dc900000| PB 0x00000000dc900000| Untracked 
| 458|0x00000000dca00000, 0x00000000dca00000, 0x00000000dcb00000|  0%| F|  |TAMS 0x00000000dca00000| PB 0x00000000dca00000| Untracked 
| 459|0x00000000dcb00000, 0x00000000dcb00000, 0x00000000dcc00000|  0%| F|  |TAMS 0x00000000dcb00000| PB 0x00000000dcb00000| Untracked 
| 460|0x00000000dcc00000, 0x00000000dcc00000, 0x00000000dcd00000|  0%| F|  |TAMS 0x00000000dcc00000| PB 0x00000000dcc00000| Untracked 
| 461|0x00000000dcd00000, 0x00000000dcd00000, 0x00000000dce00000|  0%| F|  |TAMS 0x00000000dcd00000| PB 0x00000000dcd00000| Untracked 
| 462|0x00000000dce00000, 0x00000000dce00000, 0x00000000dcf00000|  0%| F|  |TAMS 0x00000000dce00000| PB 0x00000000dce00000| Untracked 
| 463|0x00000000dcf00000, 0x00000000dd000000, 0x00000000dd000000|100%|HS|  |TAMS 0x00000000dcf00000| PB 0x00000000dcf00000| Complete 
| 464|0x00000000dd000000, 0x00000000dd100000, 0x00000000dd100000|100%|HC|  |TAMS 0x00000000dd000000| PB 0x00000000dd000000| Complete 
| 465|0x00000000dd100000, 0x00000000dd18bec8, 0x00000000dd200000| 54%| O|  |TAMS 0x00000000dd100000| PB 0x00000000dd100000| Untracked 
| 466|0x00000000dd200000, 0x00000000dd200000, 0x00000000dd300000|  0%| F|  |TAMS 0x00000000dd200000| PB 0x00000000dd200000| Untracked 
| 467|0x00000000dd300000, 0x00000000dd300000, 0x00000000dd400000|  0%| F|  |TAMS 0x00000000dd300000| PB 0x00000000dd300000| Untracked 
| 468|0x00000000dd400000, 0x00000000dd400000, 0x00000000dd500000|  0%| F|  |TAMS 0x00000000dd400000| PB 0x00000000dd400000| Untracked 
| 469|0x00000000dd500000, 0x00000000dd500000, 0x00000000dd600000|  0%| F|  |TAMS 0x00000000dd500000| PB 0x00000000dd500000| Untracked 
| 470|0x00000000dd600000, 0x00000000dd600000, 0x00000000dd700000|  0%| F|  |TAMS 0x00000000dd600000| PB 0x00000000dd600000| Untracked 
| 471|0x00000000dd700000, 0x00000000dd700000, 0x00000000dd800000|  0%| F|  |TAMS 0x00000000dd700000| PB 0x00000000dd700000| Untracked 
| 472|0x00000000dd800000, 0x00000000dd800000, 0x00000000dd900000|  0%| F|  |TAMS 0x00000000dd800000| PB 0x00000000dd800000| Untracked 
| 473|0x00000000dd900000, 0x00000000dd900000, 0x00000000dda00000|  0%| F|  |TAMS 0x00000000dd900000| PB 0x00000000dd900000| Untracked 
| 474|0x00000000dda00000, 0x00000000ddb00000, 0x00000000ddb00000|100%|HS|  |TAMS 0x00000000dda00000| PB 0x00000000dda00000| Complete 
| 475|0x00000000ddb00000, 0x00000000ddc00000, 0x00000000ddc00000|100%|HC|  |TAMS 0x00000000ddb00000| PB 0x00000000ddb00000| Complete 
| 476|0x00000000ddc00000, 0x00000000ddd00000, 0x00000000ddd00000|100%|HC|  |TAMS 0x00000000ddc00000| PB 0x00000000ddc00000| Complete 
| 477|0x00000000ddd00000, 0x00000000dde00000, 0x00000000dde00000|100%|HC|  |TAMS 0x00000000ddd00000| PB 0x00000000ddd00000| Complete 
| 478|0x00000000dde00000, 0x00000000ddf00000, 0x00000000ddf00000|100%|HC|  |TAMS 0x00000000dde00000| PB 0x00000000dde00000| Complete 
| 479|0x00000000ddf00000, 0x00000000de000000, 0x00000000de000000|100%|HC|  |TAMS 0x00000000ddf00000| PB 0x00000000ddf00000| Complete 
| 480|0x00000000de000000, 0x00000000de000000, 0x00000000de100000|  0%| F|  |TAMS 0x00000000de000000| PB 0x00000000de000000| Untracked 
| 481|0x00000000de100000, 0x00000000de100000, 0x00000000de200000|  0%| F|  |TAMS 0x00000000de100000| PB 0x00000000de100000| Untracked 
| 482|0x00000000de200000, 0x00000000de200000, 0x00000000de300000|  0%| F|  |TAMS 0x00000000de200000| PB 0x00000000de200000| Untracked 
| 483|0x00000000de300000, 0x00000000de300000, 0x00000000de400000|  0%| F|  |TAMS 0x00000000de300000| PB 0x00000000de300000| Untracked 
| 484|0x00000000de400000, 0x00000000de400000, 0x00000000de500000|  0%| F|  |TAMS 0x00000000de400000| PB 0x00000000de400000| Untracked 
| 485|0x00000000de500000, 0x00000000de500000, 0x00000000de600000|  0%| F|  |TAMS 0x00000000de500000| PB 0x00000000de500000| Untracked 
| 486|0x00000000de600000, 0x00000000de600000, 0x00000000de700000|  0%| F|  |TAMS 0x00000000de600000| PB 0x00000000de600000| Untracked 
| 487|0x00000000de700000, 0x00000000de700000, 0x00000000de800000|  0%| F|  |TAMS 0x00000000de700000| PB 0x00000000de700000| Untracked 
| 488|0x00000000de800000, 0x00000000de800000, 0x00000000de900000|  0%| F|  |TAMS 0x00000000de800000| PB 0x00000000de800000| Untracked 
| 489|0x00000000de900000, 0x00000000de900000, 0x00000000dea00000|  0%| F|  |TAMS 0x00000000de900000| PB 0x00000000de900000| Untracked 
| 490|0x00000000dea00000, 0x00000000dea00000, 0x00000000deb00000|  0%| F|  |TAMS 0x00000000dea00000| PB 0x00000000dea00000| Untracked 
| 491|0x00000000deb00000, 0x00000000deb00000, 0x00000000dec00000|  0%| F|  |TAMS 0x00000000deb00000| PB 0x00000000deb00000| Untracked 
| 492|0x00000000dec00000, 0x00000000dec00000, 0x00000000ded00000|  0%| F|  |TAMS 0x00000000dec00000| PB 0x00000000dec00000| Untracked 
| 493|0x00000000ded00000, 0x00000000ded00000, 0x00000000dee00000|  0%| F|  |TAMS 0x00000000ded00000| PB 0x00000000ded00000| Untracked 
| 494|0x00000000dee00000, 0x00000000dee00000, 0x00000000def00000|  0%| F|  |TAMS 0x00000000dee00000| PB 0x00000000dee00000| Untracked 
| 495|0x00000000def00000, 0x00000000def00000, 0x00000000df000000|  0%| F|  |TAMS 0x00000000def00000| PB 0x00000000def00000| Untracked 
| 496|0x00000000df000000, 0x00000000df000000, 0x00000000df100000|  0%| F|  |TAMS 0x00000000df000000| PB 0x00000000df000000| Untracked 
| 497|0x00000000df100000, 0x00000000df100000, 0x00000000df200000|  0%| F|  |TAMS 0x00000000df100000| PB 0x00000000df100000| Untracked 
| 498|0x00000000df200000, 0x00000000df200000, 0x00000000df300000|  0%| F|  |TAMS 0x00000000df200000| PB 0x00000000df200000| Untracked 
| 499|0x00000000df300000, 0x00000000df300000, 0x00000000df400000|  0%| F|  |TAMS 0x00000000df300000| PB 0x00000000df300000| Untracked 
| 500|0x00000000df400000, 0x00000000df400000, 0x00000000df500000|  0%| F|  |TAMS 0x00000000df400000| PB 0x00000000df400000| Untracked 
| 501|0x00000000df500000, 0x00000000df500000, 0x00000000df600000|  0%| F|  |TAMS 0x00000000df500000| PB 0x00000000df500000| Untracked 
| 502|0x00000000df600000, 0x00000000df600000, 0x00000000df700000|  0%| F|  |TAMS 0x00000000df600000| PB 0x00000000df600000| Untracked 
| 503|0x00000000df700000, 0x00000000df700000, 0x00000000df800000|  0%| F|  |TAMS 0x00000000df700000| PB 0x00000000df700000| Untracked 
| 504|0x00000000df800000, 0x00000000df800000, 0x00000000df900000|  0%| F|  |TAMS 0x00000000df800000| PB 0x00000000df800000| Untracked 
| 505|0x00000000df900000, 0x00000000df900000, 0x00000000dfa00000|  0%| F|  |TAMS 0x00000000df900000| PB 0x00000000df900000| Untracked 
| 506|0x00000000dfa00000, 0x00000000dfa00000, 0x00000000dfb00000|  0%| F|  |TAMS 0x00000000dfa00000| PB 0x00000000dfa00000| Untracked 
| 507|0x00000000dfb00000, 0x00000000dfb00000, 0x00000000dfc00000|  0%| F|  |TAMS 0x00000000dfb00000| PB 0x00000000dfb00000| Untracked 
| 508|0x00000000dfc00000, 0x00000000dfc00000, 0x00000000dfd00000|  0%| F|  |TAMS 0x00000000dfc00000| PB 0x00000000dfc00000| Untracked 
| 509|0x00000000dfd00000, 0x00000000dfd00000, 0x00000000dfe00000|  0%| F|  |TAMS 0x00000000dfd00000| PB 0x00000000dfd00000| Untracked 
| 510|0x00000000dfe00000, 0x00000000dfe00000, 0x00000000dff00000|  0%| F|  |TAMS 0x00000000dfe00000| PB 0x00000000dfe00000| Untracked 
| 511|0x00000000dff00000, 0x00000000dff00000, 0x00000000e0000000|  0%| F|  |TAMS 0x00000000dff00000| PB 0x00000000dff00000| Untracked 
| 512|0x00000000e0000000, 0x00000000e0000000, 0x00000000e0100000|  0%| F|  |TAMS 0x00000000e0000000| PB 0x00000000e0000000| Untracked 
| 513|0x00000000e0100000, 0x00000000e0100000, 0x00000000e0200000|  0%| F|  |TAMS 0x00000000e0100000| PB 0x00000000e0100000| Untracked 
| 514|0x00000000e0200000, 0x00000000e0200000, 0x00000000e0300000|  0%| F|  |TAMS 0x00000000e0200000| PB 0x00000000e0200000| Untracked 
| 515|0x00000000e0300000, 0x00000000e0300000, 0x00000000e0400000|  0%| F|  |TAMS 0x00000000e0300000| PB 0x00000000e0300000| Untracked 
| 516|0x00000000e0400000, 0x00000000e0400000, 0x00000000e0500000|  0%| F|  |TAMS 0x00000000e0400000| PB 0x00000000e0400000| Untracked 
| 517|0x00000000e0500000, 0x00000000e0500000, 0x00000000e0600000|  0%| F|  |TAMS 0x00000000e0500000| PB 0x00000000e0500000| Untracked 
| 518|0x00000000e0600000, 0x00000000e0600000, 0x00000000e0700000|  0%| F|  |TAMS 0x00000000e0600000| PB 0x00000000e0600000| Untracked 
| 519|0x00000000e0700000, 0x00000000e0700000, 0x00000000e0800000|  0%| F|  |TAMS 0x00000000e0700000| PB 0x00000000e0700000| Untracked 
| 520|0x00000000e0800000, 0x00000000e0800000, 0x00000000e0900000|  0%| F|  |TAMS 0x00000000e0800000| PB 0x00000000e0800000| Untracked 
| 521|0x00000000e0900000, 0x00000000e0900000, 0x00000000e0a00000|  0%| F|  |TAMS 0x00000000e0900000| PB 0x00000000e0900000| Untracked 
| 522|0x00000000e0a00000, 0x00000000e0a00000, 0x00000000e0b00000|  0%| F|  |TAMS 0x00000000e0a00000| PB 0x00000000e0a00000| Untracked 
| 523|0x00000000e0b00000, 0x00000000e0b00000, 0x00000000e0c00000|  0%| F|  |TAMS 0x00000000e0b00000| PB 0x00000000e0b00000| Untracked 
| 524|0x00000000e0c00000, 0x00000000e0c00000, 0x00000000e0d00000|  0%| F|  |TAMS 0x00000000e0c00000| PB 0x00000000e0c00000| Untracked 
| 525|0x00000000e0d00000, 0x00000000e0d00000, 0x00000000e0e00000|  0%| F|  |TAMS 0x00000000e0d00000| PB 0x00000000e0d00000| Untracked 
| 526|0x00000000e0e00000, 0x00000000e0e00000, 0x00000000e0f00000|  0%| F|  |TAMS 0x00000000e0e00000| PB 0x00000000e0e00000| Untracked 
| 527|0x00000000e0f00000, 0x00000000e0f00000, 0x00000000e1000000|  0%| F|  |TAMS 0x00000000e0f00000| PB 0x00000000e0f00000| Untracked 
| 528|0x00000000e1000000, 0x00000000e1000000, 0x00000000e1100000|  0%| F|  |TAMS 0x00000000e1000000| PB 0x00000000e1000000| Untracked 
| 529|0x00000000e1100000, 0x00000000e1100000, 0x00000000e1200000|  0%| F|  |TAMS 0x00000000e1100000| PB 0x00000000e1100000| Untracked 
| 530|0x00000000e1200000, 0x00000000e1200000, 0x00000000e1300000|  0%| F|  |TAMS 0x00000000e1200000| PB 0x00000000e1200000| Untracked 
| 531|0x00000000e1300000, 0x00000000e1300000, 0x00000000e1400000|  0%| F|  |TAMS 0x00000000e1300000| PB 0x00000000e1300000| Untracked 
| 532|0x00000000e1400000, 0x00000000e1400000, 0x00000000e1500000|  0%| F|  |TAMS 0x00000000e1400000| PB 0x00000000e1400000| Untracked 
| 533|0x00000000e1500000, 0x00000000e151d7e8, 0x00000000e1600000| 11%| E|  |TAMS 0x00000000e1500000| PB 0x00000000e1500000| Complete 
| 534|0x00000000e1600000, 0x00000000e1700000, 0x00000000e1700000|100%| E|CS|TAMS 0x00000000e1600000| PB 0x00000000e1600000| Complete 
| 535|0x00000000e1700000, 0x00000000e1800000, 0x00000000e1800000|100%| E|CS|TAMS 0x00000000e1700000| PB 0x00000000e1700000| Complete 
| 536|0x00000000e1800000, 0x00000000e1900000, 0x00000000e1900000|100%| E|CS|TAMS 0x00000000e1800000| PB 0x00000000e1800000| Complete 
| 537|0x00000000e1900000, 0x00000000e1a00000, 0x00000000e1a00000|100%| E|CS|TAMS 0x00000000e1900000| PB 0x00000000e1900000| Complete 
| 538|0x00000000e1a00000, 0x00000000e1b00000, 0x00000000e1b00000|100%| E|CS|TAMS 0x00000000e1a00000| PB 0x00000000e1a00000| Complete 
| 539|0x00000000e1b00000, 0x00000000e1c00000, 0x00000000e1c00000|100%| E|CS|TAMS 0x00000000e1b00000| PB 0x00000000e1b00000| Complete 
| 540|0x00000000e1c00000, 0x00000000e1d00000, 0x00000000e1d00000|100%| E|CS|TAMS 0x00000000e1c00000| PB 0x00000000e1c00000| Complete 
| 541|0x00000000e1d00000, 0x00000000e1e00000, 0x00000000e1e00000|100%| E|CS|TAMS 0x00000000e1d00000| PB 0x00000000e1d00000| Complete 
| 542|0x00000000e1e00000, 0x00000000e1f00000, 0x00000000e1f00000|100%| E|CS|TAMS 0x00000000e1e00000| PB 0x00000000e1e00000| Complete 
| 543|0x00000000e1f00000, 0x00000000e2000000, 0x00000000e2000000|100%| E|CS|TAMS 0x00000000e1f00000| PB 0x00000000e1f00000| Complete 
| 544|0x00000000e2000000, 0x00000000e2100000, 0x00000000e2100000|100%| E|CS|TAMS 0x00000000e2000000| PB 0x00000000e2000000| Complete 
| 545|0x00000000e2100000, 0x00000000e2200000, 0x00000000e2200000|100%| E|CS|TAMS 0x00000000e2100000| PB 0x00000000e2100000| Complete 
| 546|0x00000000e2200000, 0x00000000e2300000, 0x00000000e2300000|100%| E|CS|TAMS 0x00000000e2200000| PB 0x00000000e2200000| Complete 
| 547|0x00000000e2300000, 0x00000000e2400000, 0x00000000e2400000|100%| E|CS|TAMS 0x00000000e2300000| PB 0x00000000e2300000| Complete 
| 548|0x00000000e2400000, 0x00000000e2500000, 0x00000000e2500000|100%| E|CS|TAMS 0x00000000e2400000| PB 0x00000000e2400000| Complete 
| 549|0x00000000e2500000, 0x00000000e2600000, 0x00000000e2600000|100%| E|CS|TAMS 0x00000000e2500000| PB 0x00000000e2500000| Complete 
| 550|0x00000000e2600000, 0x00000000e2700000, 0x00000000e2700000|100%| E|CS|TAMS 0x00000000e2600000| PB 0x00000000e2600000| Complete 
| 551|0x00000000e2700000, 0x00000000e2800000, 0x00000000e2800000|100%| E|CS|TAMS 0x00000000e2700000| PB 0x00000000e2700000| Complete 
| 552|0x00000000e2800000, 0x00000000e2900000, 0x00000000e2900000|100%| E|CS|TAMS 0x00000000e2800000| PB 0x00000000e2800000| Complete 
| 553|0x00000000e2900000, 0x00000000e2a00000, 0x00000000e2a00000|100%| E|CS|TAMS 0x00000000e2900000| PB 0x00000000e2900000| Complete 
| 554|0x00000000e2a00000, 0x00000000e2b00000, 0x00000000e2b00000|100%| E|CS|TAMS 0x00000000e2a00000| PB 0x00000000e2a00000| Complete 
| 555|0x00000000e2b00000, 0x00000000e2c00000, 0x00000000e2c00000|100%| E|CS|TAMS 0x00000000e2b00000| PB 0x00000000e2b00000| Complete 
| 556|0x00000000e2c00000, 0x00000000e2d00000, 0x00000000e2d00000|100%| E|CS|TAMS 0x00000000e2c00000| PB 0x00000000e2c00000| Complete 
| 557|0x00000000e2d00000, 0x00000000e2e00000, 0x00000000e2e00000|100%| E|CS|TAMS 0x00000000e2d00000| PB 0x00000000e2d00000| Complete 
| 558|0x00000000e2e00000, 0x00000000e2f00000, 0x00000000e2f00000|100%| E|CS|TAMS 0x00000000e2e00000| PB 0x00000000e2e00000| Complete 
| 559|0x00000000e2f00000, 0x00000000e3000000, 0x00000000e3000000|100%| E|CS|TAMS 0x00000000e2f00000| PB 0x00000000e2f00000| Complete 
| 560|0x00000000e3000000, 0x00000000e3100000, 0x00000000e3100000|100%| E|CS|TAMS 0x00000000e3000000| PB 0x00000000e3000000| Complete 
| 561|0x00000000e3100000, 0x00000000e3200000, 0x00000000e3200000|100%| E|CS|TAMS 0x00000000e3100000| PB 0x00000000e3100000| Complete 
| 562|0x00000000e3200000, 0x00000000e3300000, 0x00000000e3300000|100%| E|  |TAMS 0x00000000e3200000| PB 0x00000000e3200000| Complete 
| 563|0x00000000e3300000, 0x00000000e3400000, 0x00000000e3400000|100%| E|CS|TAMS 0x00000000e3300000| PB 0x00000000e3300000| Complete 
| 564|0x00000000e3400000, 0x00000000e3500000, 0x00000000e3500000|100%| E|CS|TAMS 0x00000000e3400000| PB 0x00000000e3400000| Complete 
| 565|0x00000000e3500000, 0x00000000e3600000, 0x00000000e3600000|100%| E|CS|TAMS 0x00000000e3500000| PB 0x00000000e3500000| Complete 
| 566|0x00000000e3600000, 0x00000000e3700000, 0x00000000e3700000|100%| E|CS|TAMS 0x00000000e3600000| PB 0x00000000e3600000| Complete 
| 567|0x00000000e3700000, 0x00000000e3800000, 0x00000000e3800000|100%| E|CS|TAMS 0x00000000e3700000| PB 0x00000000e3700000| Complete 
| 568|0x00000000e3800000, 0x00000000e3900000, 0x00000000e3900000|100%| E|CS|TAMS 0x00000000e3800000| PB 0x00000000e3800000| Complete 
| 569|0x00000000e3900000, 0x00000000e3a00000, 0x00000000e3a00000|100%| E|CS|TAMS 0x00000000e3900000| PB 0x00000000e3900000| Complete 
| 570|0x00000000e3a00000, 0x00000000e3b00000, 0x00000000e3b00000|100%| E|CS|TAMS 0x00000000e3a00000| PB 0x00000000e3a00000| Complete 
| 571|0x00000000e3b00000, 0x00000000e3c00000, 0x00000000e3c00000|100%| E|CS|TAMS 0x00000000e3b00000| PB 0x00000000e3b00000| Complete 
| 572|0x00000000e3c00000, 0x00000000e3d00000, 0x00000000e3d00000|100%| E|CS|TAMS 0x00000000e3c00000| PB 0x00000000e3c00000| Complete 
| 573|0x00000000e3d00000, 0x00000000e3e00000, 0x00000000e3e00000|100%| E|CS|TAMS 0x00000000e3d00000| PB 0x00000000e3d00000| Complete 
| 574|0x00000000e3e00000, 0x00000000e3f00000, 0x00000000e3f00000|100%| E|CS|TAMS 0x00000000e3e00000| PB 0x00000000e3e00000| Complete 
| 575|0x00000000e3f00000, 0x00000000e4000000, 0x00000000e4000000|100%| E|CS|TAMS 0x00000000e3f00000| PB 0x00000000e3f00000| Complete 
| 576|0x00000000e4000000, 0x00000000e4100000, 0x00000000e4100000|100%| E|CS|TAMS 0x00000000e4000000| PB 0x00000000e4000000| Complete 
| 577|0x00000000e4100000, 0x00000000e4200000, 0x00000000e4200000|100%| E|CS|TAMS 0x00000000e4100000| PB 0x00000000e4100000| Complete 
| 578|0x00000000e4200000, 0x00000000e4300000, 0x00000000e4300000|100%| E|CS|TAMS 0x00000000e4200000| PB 0x00000000e4200000| Complete 
| 579|0x00000000e4300000, 0x00000000e4400000, 0x00000000e4400000|100%| E|CS|TAMS 0x00000000e4300000| PB 0x00000000e4300000| Complete 
| 580|0x00000000e4400000, 0x00000000e4500000, 0x00000000e4500000|100%| E|CS|TAMS 0x00000000e4400000| PB 0x00000000e4400000| Complete 
| 581|0x00000000e4500000, 0x00000000e4600000, 0x00000000e4600000|100%| E|CS|TAMS 0x00000000e4500000| PB 0x00000000e4500000| Complete 
| 582|0x00000000e4600000, 0x00000000e4700000, 0x00000000e4700000|100%| E|CS|TAMS 0x00000000e4600000| PB 0x00000000e4600000| Complete 
| 583|0x00000000e4700000, 0x00000000e4800000, 0x00000000e4800000|100%| E|CS|TAMS 0x00000000e4700000| PB 0x00000000e4700000| Complete 
| 584|0x00000000e4800000, 0x00000000e4900000, 0x00000000e4900000|100%| E|CS|TAMS 0x00000000e4800000| PB 0x00000000e4800000| Complete 
| 585|0x00000000e4900000, 0x00000000e4a00000, 0x00000000e4a00000|100%| E|CS|TAMS 0x00000000e4900000| PB 0x00000000e4900000| Complete 
| 586|0x00000000e4a00000, 0x00000000e4b00000, 0x00000000e4b00000|100%| E|CS|TAMS 0x00000000e4a00000| PB 0x00000000e4a00000| Complete 
| 587|0x00000000e4b00000, 0x00000000e4c00000, 0x00000000e4c00000|100%| E|CS|TAMS 0x00000000e4b00000| PB 0x00000000e4b00000| Complete 
| 588|0x00000000e4c00000, 0x00000000e4d00000, 0x00000000e4d00000|100%| E|CS|TAMS 0x00000000e4c00000| PB 0x00000000e4c00000| Complete 
| 589|0x00000000e4d00000, 0x00000000e4d4e6d0, 0x00000000e4e00000| 30%| S|CS|TAMS 0x00000000e4d00000| PB 0x00000000e4d00000| Complete 
| 590|0x00000000e4e00000, 0x00000000e4f00000, 0x00000000e4f00000|100%| S|CS|TAMS 0x00000000e4e00000| PB 0x00000000e4e00000| Complete 
| 591|0x00000000e4f00000, 0x00000000e5000000, 0x00000000e5000000|100%| S|CS|TAMS 0x00000000e4f00000| PB 0x00000000e4f00000| Complete 
| 592|0x00000000e5000000, 0x00000000e5100000, 0x00000000e5100000|100%| S|CS|TAMS 0x00000000e5000000| PB 0x00000000e5000000| Complete 
| 593|0x00000000e5100000, 0x00000000e5200000, 0x00000000e5200000|100%| S|CS|TAMS 0x00000000e5100000| PB 0x00000000e5100000| Complete 
| 594|0x00000000e5200000, 0x00000000e5300000, 0x00000000e5300000|100%| S|CS|TAMS 0x00000000e5200000| PB 0x00000000e5200000| Complete 
| 595|0x00000000e5300000, 0x00000000e5400000, 0x00000000e5400000|100%| S|CS|TAMS 0x00000000e5300000| PB 0x00000000e5300000| Complete 
| 596|0x00000000e5400000, 0x00000000e5500000, 0x00000000e5500000|100%| S|CS|TAMS 0x00000000e5400000| PB 0x00000000e5400000| Complete 
| 597|0x00000000e5500000, 0x00000000e5600000, 0x00000000e5600000|100%| E|CS|TAMS 0x00000000e5500000| PB 0x00000000e5500000| Complete 
| 598|0x00000000e5600000, 0x00000000e5700000, 0x00000000e5700000|100%| E|CS|TAMS 0x00000000e5600000| PB 0x00000000e5600000| Complete 
| 599|0x00000000e5700000, 0x00000000e5800000, 0x00000000e5800000|100%| E|CS|TAMS 0x00000000e5700000| PB 0x00000000e5700000| Complete 
| 600|0x00000000e5800000, 0x00000000e5900000, 0x00000000e5900000|100%| E|CS|TAMS 0x00000000e5800000| PB 0x00000000e5800000| Complete 
| 601|0x00000000e5900000, 0x00000000e5a00000, 0x00000000e5a00000|100%| E|CS|TAMS 0x00000000e5900000| PB 0x00000000e5900000| Complete 
| 602|0x00000000e5a00000, 0x00000000e5b00000, 0x00000000e5b00000|100%| E|CS|TAMS 0x00000000e5a00000| PB 0x00000000e5a00000| Complete 
| 603|0x00000000e5b00000, 0x00000000e5c00000, 0x00000000e5c00000|100%| E|CS|TAMS 0x00000000e5b00000| PB 0x00000000e5b00000| Complete 
| 604|0x00000000e5c00000, 0x00000000e5d00000, 0x00000000e5d00000|100%| E|CS|TAMS 0x00000000e5c00000| PB 0x00000000e5c00000| Complete 
| 605|0x00000000e5d00000, 0x00000000e5e00000, 0x00000000e5e00000|100%| E|CS|TAMS 0x00000000e5d00000| PB 0x00000000e5d00000| Complete 
| 606|0x00000000e5e00000, 0x00000000e5f00000, 0x00000000e5f00000|100%| E|CS|TAMS 0x00000000e5e00000| PB 0x00000000e5e00000| Complete 
| 607|0x00000000e5f00000, 0x00000000e6000000, 0x00000000e6000000|100%| E|CS|TAMS 0x00000000e5f00000| PB 0x00000000e5f00000| Complete 
| 608|0x00000000e6000000, 0x00000000e6100000, 0x00000000e6100000|100%| E|CS|TAMS 0x00000000e6000000| PB 0x00000000e6000000| Complete 
| 609|0x00000000e6100000, 0x00000000e6200000, 0x00000000e6200000|100%| E|CS|TAMS 0x00000000e6100000| PB 0x00000000e6100000| Complete 
| 610|0x00000000e6200000, 0x00000000e6300000, 0x00000000e6300000|100%| E|CS|TAMS 0x00000000e6200000| PB 0x00000000e6200000| Complete 
| 611|0x00000000e6300000, 0x00000000e6400000, 0x00000000e6400000|100%| E|CS|TAMS 0x00000000e6300000| PB 0x00000000e6300000| Complete 
| 612|0x00000000e6400000, 0x00000000e6500000, 0x00000000e6500000|100%| E|CS|TAMS 0x00000000e6400000| PB 0x00000000e6400000| Complete 
| 613|0x00000000e6500000, 0x00000000e6600000, 0x00000000e6600000|100%| E|CS|TAMS 0x00000000e6500000| PB 0x00000000e6500000| Complete 
| 614|0x00000000e6600000, 0x00000000e6700000, 0x00000000e6700000|100%| E|CS|TAMS 0x00000000e6600000| PB 0x00000000e6600000| Complete 
| 615|0x00000000e6700000, 0x00000000e6800000, 0x00000000e6800000|100%| E|CS|TAMS 0x00000000e6700000| PB 0x00000000e6700000| Complete 
| 616|0x00000000e6800000, 0x00000000e6900000, 0x00000000e6900000|100%| E|CS|TAMS 0x00000000e6800000| PB 0x00000000e6800000| Complete 
| 617|0x00000000e6900000, 0x00000000e6a00000, 0x00000000e6a00000|100%| E|CS|TAMS 0x00000000e6900000| PB 0x00000000e6900000| Complete 
| 618|0x00000000e6a00000, 0x00000000e6b00000, 0x00000000e6b00000|100%| E|CS|TAMS 0x00000000e6a00000| PB 0x00000000e6a00000| Complete 
| 619|0x00000000e6b00000, 0x00000000e6c00000, 0x00000000e6c00000|100%| E|CS|TAMS 0x00000000e6b00000| PB 0x00000000e6b00000| Complete 
| 620|0x00000000e6c00000, 0x00000000e6d00000, 0x00000000e6d00000|100%| E|CS|TAMS 0x00000000e6c00000| PB 0x00000000e6c00000| Complete 
| 621|0x00000000e6d00000, 0x00000000e6e00000, 0x00000000e6e00000|100%| E|CS|TAMS 0x00000000e6d00000| PB 0x00000000e6d00000| Complete 
| 622|0x00000000e6e00000, 0x00000000e6f00000, 0x00000000e6f00000|100%| E|CS|TAMS 0x00000000e6e00000| PB 0x00000000e6e00000| Complete 
| 623|0x00000000e6f00000, 0x00000000e7000000, 0x00000000e7000000|100%| E|CS|TAMS 0x00000000e6f00000| PB 0x00000000e6f00000| Complete 
| 624|0x00000000e7000000, 0x00000000e7100000, 0x00000000e7100000|100%| E|CS|TAMS 0x00000000e7000000| PB 0x00000000e7000000| Complete 
| 625|0x00000000e7100000, 0x00000000e7200000, 0x00000000e7200000|100%| E|CS|TAMS 0x00000000e7100000| PB 0x00000000e7100000| Complete 
| 626|0x00000000e7200000, 0x00000000e7300000, 0x00000000e7300000|100%| E|CS|TAMS 0x00000000e7200000| PB 0x00000000e7200000| Complete 
| 627|0x00000000e7300000, 0x00000000e7400000, 0x00000000e7400000|100%| E|CS|TAMS 0x00000000e7300000| PB 0x00000000e7300000| Complete 
| 628|0x00000000e7400000, 0x00000000e7500000, 0x00000000e7500000|100%| E|CS|TAMS 0x00000000e7400000| PB 0x00000000e7400000| Complete 
| 629|0x00000000e7500000, 0x00000000e7600000, 0x00000000e7600000|100%| E|CS|TAMS 0x00000000e7500000| PB 0x00000000e7500000| Complete 
| 630|0x00000000e7600000, 0x00000000e7700000, 0x00000000e7700000|100%| E|CS|TAMS 0x00000000e7600000| PB 0x00000000e7600000| Complete 
| 631|0x00000000e7700000, 0x00000000e7800000, 0x00000000e7800000|100%| E|CS|TAMS 0x00000000e7700000| PB 0x00000000e7700000| Complete 
| 632|0x00000000e7800000, 0x00000000e7900000, 0x00000000e7900000|100%| E|CS|TAMS 0x00000000e7800000| PB 0x00000000e7800000| Complete 
| 633|0x00000000e7900000, 0x00000000e7a00000, 0x00000000e7a00000|100%| E|CS|TAMS 0x00000000e7900000| PB 0x00000000e7900000| Complete 
| 634|0x00000000e7a00000, 0x00000000e7b00000, 0x00000000e7b00000|100%| E|CS|TAMS 0x00000000e7a00000| PB 0x00000000e7a00000| Complete 
| 635|0x00000000e7b00000, 0x00000000e7c00000, 0x00000000e7c00000|100%| E|CS|TAMS 0x00000000e7b00000| PB 0x00000000e7b00000| Complete 
| 636|0x00000000e7c00000, 0x00000000e7d00000, 0x00000000e7d00000|100%| E|CS|TAMS 0x00000000e7c00000| PB 0x00000000e7c00000| Complete 
| 637|0x00000000e7d00000, 0x00000000e7e00000, 0x00000000e7e00000|100%| E|CS|TAMS 0x00000000e7d00000| PB 0x00000000e7d00000| Complete 
| 638|0x00000000e7e00000, 0x00000000e7f00000, 0x00000000e7f00000|100%| E|CS|TAMS 0x00000000e7e00000| PB 0x00000000e7e00000| Complete 
| 639|0x00000000e7f00000, 0x00000000e8000000, 0x00000000e8000000|100%| E|CS|TAMS 0x00000000e7f00000| PB 0x00000000e7f00000| Complete 
| 640|0x00000000e8000000, 0x00000000e8100000, 0x00000000e8100000|100%| E|CS|TAMS 0x00000000e8000000| PB 0x00000000e8000000| Complete 
| 641|0x00000000e8100000, 0x00000000e8200000, 0x00000000e8200000|100%| E|CS|TAMS 0x00000000e8100000| PB 0x00000000e8100000| Complete 
| 642|0x00000000e8200000, 0x00000000e8300000, 0x00000000e8300000|100%| E|CS|TAMS 0x00000000e8200000| PB 0x00000000e8200000| Complete 
| 643|0x00000000e8300000, 0x00000000e8400000, 0x00000000e8400000|100%| E|CS|TAMS 0x00000000e8300000| PB 0x00000000e8300000| Complete 
| 644|0x00000000e8400000, 0x00000000e8500000, 0x00000000e8500000|100%| E|CS|TAMS 0x00000000e8400000| PB 0x00000000e8400000| Complete 
| 645|0x00000000e8500000, 0x00000000e8600000, 0x00000000e8600000|100%| E|CS|TAMS 0x00000000e8500000| PB 0x00000000e8500000| Complete 
| 646|0x00000000e8600000, 0x00000000e8700000, 0x00000000e8700000|100%| E|CS|TAMS 0x00000000e8600000| PB 0x00000000e8600000| Complete 
| 647|0x00000000e8700000, 0x00000000e8800000, 0x00000000e8800000|100%| E|CS|TAMS 0x00000000e8700000| PB 0x00000000e8700000| Complete 
| 648|0x00000000e8800000, 0x00000000e8900000, 0x00000000e8900000|100%| E|CS|TAMS 0x00000000e8800000| PB 0x00000000e8800000| Complete 
| 649|0x00000000e8900000, 0x00000000e8a00000, 0x00000000e8a00000|100%| E|CS|TAMS 0x00000000e8900000| PB 0x00000000e8900000| Complete 
| 650|0x00000000e8a00000, 0x00000000e8b00000, 0x00000000e8b00000|100%| E|CS|TAMS 0x00000000e8a00000| PB 0x00000000e8a00000| Complete 
| 651|0x00000000e8b00000, 0x00000000e8c00000, 0x00000000e8c00000|100%| E|CS|TAMS 0x00000000e8b00000| PB 0x00000000e8b00000| Complete 
| 652|0x00000000e8c00000, 0x00000000e8d00000, 0x00000000e8d00000|100%| E|CS|TAMS 0x00000000e8c00000| PB 0x00000000e8c00000| Complete 
| 653|0x00000000e8d00000, 0x00000000e8e00000, 0x00000000e8e00000|100%| E|CS|TAMS 0x00000000e8d00000| PB 0x00000000e8d00000| Complete 
| 654|0x00000000e8e00000, 0x00000000e8f00000, 0x00000000e8f00000|100%| E|CS|TAMS 0x00000000e8e00000| PB 0x00000000e8e00000| Complete 
| 655|0x00000000e8f00000, 0x00000000e9000000, 0x00000000e9000000|100%| E|CS|TAMS 0x00000000e8f00000| PB 0x00000000e8f00000| Complete 
| 656|0x00000000e9000000, 0x00000000e9100000, 0x00000000e9100000|100%| E|CS|TAMS 0x00000000e9000000| PB 0x00000000e9000000| Complete 
| 657|0x00000000e9100000, 0x00000000e9200000, 0x00000000e9200000|100%| E|CS|TAMS 0x00000000e9100000| PB 0x00000000e9100000| Complete 
| 658|0x00000000e9200000, 0x00000000e9300000, 0x00000000e9300000|100%| E|CS|TAMS 0x00000000e9200000| PB 0x00000000e9200000| Complete 
| 659|0x00000000e9300000, 0x00000000e9400000, 0x00000000e9400000|100%| E|CS|TAMS 0x00000000e9300000| PB 0x00000000e9300000| Complete 
| 660|0x00000000e9400000, 0x00000000e9500000, 0x00000000e9500000|100%| E|CS|TAMS 0x00000000e9400000| PB 0x00000000e9400000| Complete 
| 661|0x00000000e9500000, 0x00000000e9600000, 0x00000000e9600000|100%| E|CS|TAMS 0x00000000e9500000| PB 0x00000000e9500000| Complete 
| 662|0x00000000e9600000, 0x00000000e9700000, 0x00000000e9700000|100%| E|CS|TAMS 0x00000000e9600000| PB 0x00000000e9600000| Complete 
| 663|0x00000000e9700000, 0x00000000e9800000, 0x00000000e9800000|100%| E|CS|TAMS 0x00000000e9700000| PB 0x00000000e9700000| Complete 
| 664|0x00000000e9800000, 0x00000000e9900000, 0x00000000e9900000|100%| E|CS|TAMS 0x00000000e9800000| PB 0x00000000e9800000| Complete 
| 665|0x00000000e9900000, 0x00000000e9a00000, 0x00000000e9a00000|100%| E|CS|TAMS 0x00000000e9900000| PB 0x00000000e9900000| Complete 
| 666|0x00000000e9a00000, 0x00000000e9b00000, 0x00000000e9b00000|100%| E|CS|TAMS 0x00000000e9a00000| PB 0x00000000e9a00000| Complete 
| 667|0x00000000e9b00000, 0x00000000e9c00000, 0x00000000e9c00000|100%| E|CS|TAMS 0x00000000e9b00000| PB 0x00000000e9b00000| Complete 
| 668|0x00000000e9c00000, 0x00000000e9d00000, 0x00000000e9d00000|100%| E|CS|TAMS 0x00000000e9c00000| PB 0x00000000e9c00000| Complete 
| 669|0x00000000e9d00000, 0x00000000e9e00000, 0x00000000e9e00000|100%| E|CS|TAMS 0x00000000e9d00000| PB 0x00000000e9d00000| Complete 
| 670|0x00000000e9e00000, 0x00000000e9f00000, 0x00000000e9f00000|100%| E|CS|TAMS 0x00000000e9e00000| PB 0x00000000e9e00000| Complete 
| 671|0x00000000e9f00000, 0x00000000ea000000, 0x00000000ea000000|100%| E|CS|TAMS 0x00000000e9f00000| PB 0x00000000e9f00000| Complete 
| 672|0x00000000ea000000, 0x00000000ea100000, 0x00000000ea100000|100%| E|CS|TAMS 0x00000000ea000000| PB 0x00000000ea000000| Complete 
| 673|0x00000000ea100000, 0x00000000ea200000, 0x00000000ea200000|100%| E|CS|TAMS 0x00000000ea100000| PB 0x00000000ea100000| Complete 
| 674|0x00000000ea200000, 0x00000000ea300000, 0x00000000ea300000|100%| E|CS|TAMS 0x00000000ea200000| PB 0x00000000ea200000| Complete 
| 675|0x00000000ea300000, 0x00000000ea400000, 0x00000000ea400000|100%| E|CS|TAMS 0x00000000ea300000| PB 0x00000000ea300000| Complete 
| 676|0x00000000ea400000, 0x00000000ea500000, 0x00000000ea500000|100%| E|CS|TAMS 0x00000000ea400000| PB 0x00000000ea400000| Complete 
| 677|0x00000000ea500000, 0x00000000ea600000, 0x00000000ea600000|100%| E|CS|TAMS 0x00000000ea500000| PB 0x00000000ea500000| Complete 
| 678|0x00000000ea600000, 0x00000000ea700000, 0x00000000ea700000|100%| E|CS|TAMS 0x00000000ea600000| PB 0x00000000ea600000| Complete 
| 679|0x00000000ea700000, 0x00000000ea800000, 0x00000000ea800000|100%| E|CS|TAMS 0x00000000ea700000| PB 0x00000000ea700000| Complete 
| 680|0x00000000ea800000, 0x00000000ea900000, 0x00000000ea900000|100%| E|CS|TAMS 0x00000000ea800000| PB 0x00000000ea800000| Complete 
| 681|0x00000000ea900000, 0x00000000eaa00000, 0x00000000eaa00000|100%| E|CS|TAMS 0x00000000ea900000| PB 0x00000000ea900000| Complete 
| 682|0x00000000eaa00000, 0x00000000eab00000, 0x00000000eab00000|100%| E|CS|TAMS 0x00000000eaa00000| PB 0x00000000eaa00000| Complete 
| 683|0x00000000eab00000, 0x00000000eac00000, 0x00000000eac00000|100%| E|CS|TAMS 0x00000000eab00000| PB 0x00000000eab00000| Complete 
| 684|0x00000000eac00000, 0x00000000ead00000, 0x00000000ead00000|100%| E|CS|TAMS 0x00000000eac00000| PB 0x00000000eac00000| Complete 
| 685|0x00000000ead00000, 0x00000000eae00000, 0x00000000eae00000|100%| E|CS|TAMS 0x00000000ead00000| PB 0x00000000ead00000| Complete 
| 686|0x00000000eae00000, 0x00000000eaf00000, 0x00000000eaf00000|100%| E|CS|TAMS 0x00000000eae00000| PB 0x00000000eae00000| Complete 
| 687|0x00000000eaf00000, 0x00000000eb000000, 0x00000000eb000000|100%| E|CS|TAMS 0x00000000eaf00000| PB 0x00000000eaf00000| Complete 
| 688|0x00000000eb000000, 0x00000000eb100000, 0x00000000eb100000|100%| E|CS|TAMS 0x00000000eb000000| PB 0x00000000eb000000| Complete 
| 689|0x00000000eb100000, 0x00000000eb200000, 0x00000000eb200000|100%| E|CS|TAMS 0x00000000eb100000| PB 0x00000000eb100000| Complete 
| 690|0x00000000eb200000, 0x00000000eb300000, 0x00000000eb300000|100%| E|CS|TAMS 0x00000000eb200000| PB 0x00000000eb200000| Complete 
| 691|0x00000000eb300000, 0x00000000eb400000, 0x00000000eb400000|100%| E|CS|TAMS 0x00000000eb300000| PB 0x00000000eb300000| Complete 
| 692|0x00000000eb400000, 0x00000000eb500000, 0x00000000eb500000|100%| E|CS|TAMS 0x00000000eb400000| PB 0x00000000eb400000| Complete 
| 693|0x00000000eb500000, 0x00000000eb600000, 0x00000000eb600000|100%| E|CS|TAMS 0x00000000eb500000| PB 0x00000000eb500000| Complete 
| 694|0x00000000eb600000, 0x00000000eb700000, 0x00000000eb700000|100%| E|CS|TAMS 0x00000000eb600000| PB 0x00000000eb600000| Complete 
| 695|0x00000000eb700000, 0x00000000eb800000, 0x00000000eb800000|100%| E|CS|TAMS 0x00000000eb700000| PB 0x00000000eb700000| Complete 
| 696|0x00000000eb800000, 0x00000000eb900000, 0x00000000eb900000|100%| E|CS|TAMS 0x00000000eb800000| PB 0x00000000eb800000| Complete 
| 697|0x00000000eb900000, 0x00000000eba00000, 0x00000000eba00000|100%| E|CS|TAMS 0x00000000eb900000| PB 0x00000000eb900000| Complete 
| 698|0x00000000eba00000, 0x00000000ebb00000, 0x00000000ebb00000|100%| E|CS|TAMS 0x00000000eba00000| PB 0x00000000eba00000| Complete 
| 699|0x00000000ebb00000, 0x00000000ebc00000, 0x00000000ebc00000|100%| E|CS|TAMS 0x00000000ebb00000| PB 0x00000000ebb00000| Complete 
| 700|0x00000000ebc00000, 0x00000000ebd00000, 0x00000000ebd00000|100%| E|CS|TAMS 0x00000000ebc00000| PB 0x00000000ebc00000| Complete 
| 701|0x00000000ebd00000, 0x00000000ebe00000, 0x00000000ebe00000|100%| E|CS|TAMS 0x00000000ebd00000| PB 0x00000000ebd00000| Complete 
| 702|0x00000000ebe00000, 0x00000000ebf00000, 0x00000000ebf00000|100%| E|CS|TAMS 0x00000000ebe00000| PB 0x00000000ebe00000| Complete 
| 703|0x00000000ebf00000, 0x00000000ec000000, 0x00000000ec000000|100%| E|CS|TAMS 0x00000000ebf00000| PB 0x00000000ebf00000| Complete 
| 704|0x00000000ec000000, 0x00000000ec100000, 0x00000000ec100000|100%| E|CS|TAMS 0x00000000ec000000| PB 0x00000000ec000000| Complete 
| 705|0x00000000ec100000, 0x00000000ec200000, 0x00000000ec200000|100%| E|CS|TAMS 0x00000000ec100000| PB 0x00000000ec100000| Complete 
| 706|0x00000000ec200000, 0x00000000ec300000, 0x00000000ec300000|100%| E|CS|TAMS 0x00000000ec200000| PB 0x00000000ec200000| Complete 
| 707|0x00000000ec300000, 0x00000000ec400000, 0x00000000ec400000|100%| E|CS|TAMS 0x00000000ec300000| PB 0x00000000ec300000| Complete 
| 708|0x00000000ec400000, 0x00000000ec500000, 0x00000000ec500000|100%| E|CS|TAMS 0x00000000ec400000| PB 0x00000000ec400000| Complete 
| 709|0x00000000ec500000, 0x00000000ec600000, 0x00000000ec600000|100%| E|CS|TAMS 0x00000000ec500000| PB 0x00000000ec500000| Complete 
| 710|0x00000000ec600000, 0x00000000ec700000, 0x00000000ec700000|100%| E|CS|TAMS 0x00000000ec600000| PB 0x00000000ec600000| Complete 
| 711|0x00000000ec700000, 0x00000000ec800000, 0x00000000ec800000|100%| E|CS|TAMS 0x00000000ec700000| PB 0x00000000ec700000| Complete 
| 712|0x00000000ec800000, 0x00000000ec900000, 0x00000000ec900000|100%| E|CS|TAMS 0x00000000ec800000| PB 0x00000000ec800000| Complete 
| 713|0x00000000ec900000, 0x00000000eca00000, 0x00000000eca00000|100%| E|CS|TAMS 0x00000000ec900000| PB 0x00000000ec900000| Complete 
| 714|0x00000000eca00000, 0x00000000ecb00000, 0x00000000ecb00000|100%| E|CS|TAMS 0x00000000eca00000| PB 0x00000000eca00000| Complete 
| 715|0x00000000ecb00000, 0x00000000ecc00000, 0x00000000ecc00000|100%| E|CS|TAMS 0x00000000ecb00000| PB 0x00000000ecb00000| Complete 
| 716|0x00000000ecc00000, 0x00000000ecd00000, 0x00000000ecd00000|100%| E|CS|TAMS 0x00000000ecc00000| PB 0x00000000ecc00000| Complete 
| 717|0x00000000ecd00000, 0x00000000ece00000, 0x00000000ece00000|100%| E|CS|TAMS 0x00000000ecd00000| PB 0x00000000ecd00000| Complete 
| 718|0x00000000ece00000, 0x00000000ecf00000, 0x00000000ecf00000|100%| E|CS|TAMS 0x00000000ece00000| PB 0x00000000ece00000| Complete 
| 719|0x00000000ecf00000, 0x00000000ed000000, 0x00000000ed000000|100%| E|CS|TAMS 0x00000000ecf00000| PB 0x00000000ecf00000| Complete 
| 720|0x00000000ed000000, 0x00000000ed100000, 0x00000000ed100000|100%| E|CS|TAMS 0x00000000ed000000| PB 0x00000000ed000000| Complete 
| 721|0x00000000ed100000, 0x00000000ed200000, 0x00000000ed200000|100%| E|CS|TAMS 0x00000000ed100000| PB 0x00000000ed100000| Complete 
| 722|0x00000000ed200000, 0x00000000ed300000, 0x00000000ed300000|100%| E|CS|TAMS 0x00000000ed200000| PB 0x00000000ed200000| Complete 
| 723|0x00000000ed300000, 0x00000000ed400000, 0x00000000ed400000|100%| E|CS|TAMS 0x00000000ed300000| PB 0x00000000ed300000| Complete 
| 724|0x00000000ed400000, 0x00000000ed500000, 0x00000000ed500000|100%| E|CS|TAMS 0x00000000ed400000| PB 0x00000000ed400000| Complete 
| 725|0x00000000ed500000, 0x00000000ed600000, 0x00000000ed600000|100%| E|CS|TAMS 0x00000000ed500000| PB 0x00000000ed500000| Complete 
| 726|0x00000000ed600000, 0x00000000ed700000, 0x00000000ed700000|100%| E|CS|TAMS 0x00000000ed600000| PB 0x00000000ed600000| Complete 
| 727|0x00000000ed700000, 0x00000000ed800000, 0x00000000ed800000|100%| E|CS|TAMS 0x00000000ed700000| PB 0x00000000ed700000| Complete 
| 728|0x00000000ed800000, 0x00000000ed900000, 0x00000000ed900000|100%| E|CS|TAMS 0x00000000ed800000| PB 0x00000000ed800000| Complete 
| 729|0x00000000ed900000, 0x00000000eda00000, 0x00000000eda00000|100%| E|CS|TAMS 0x00000000ed900000| PB 0x00000000ed900000| Complete 
| 730|0x00000000eda00000, 0x00000000edb00000, 0x00000000edb00000|100%| E|CS|TAMS 0x00000000eda00000| PB 0x00000000eda00000| Complete 
| 731|0x00000000edb00000, 0x00000000edc00000, 0x00000000edc00000|100%| E|CS|TAMS 0x00000000edb00000| PB 0x00000000edb00000| Complete 
| 732|0x00000000edc00000, 0x00000000edd00000, 0x00000000edd00000|100%| E|CS|TAMS 0x00000000edc00000| PB 0x00000000edc00000| Complete 
| 733|0x00000000edd00000, 0x00000000ede00000, 0x00000000ede00000|100%| E|CS|TAMS 0x00000000edd00000| PB 0x00000000edd00000| Complete 
| 734|0x00000000ede00000, 0x00000000edf00000, 0x00000000edf00000|100%| E|CS|TAMS 0x00000000ede00000| PB 0x00000000ede00000| Complete 
| 735|0x00000000edf00000, 0x00000000ee000000, 0x00000000ee000000|100%| E|CS|TAMS 0x00000000edf00000| PB 0x00000000edf00000| Complete 
| 736|0x00000000ee000000, 0x00000000ee100000, 0x00000000ee100000|100%| E|CS|TAMS 0x00000000ee000000| PB 0x00000000ee000000| Complete 
| 737|0x00000000ee100000, 0x00000000ee200000, 0x00000000ee200000|100%| E|CS|TAMS 0x00000000ee100000| PB 0x00000000ee100000| Complete 
| 738|0x00000000ee200000, 0x00000000ee300000, 0x00000000ee300000|100%| E|CS|TAMS 0x00000000ee200000| PB 0x00000000ee200000| Complete 
| 739|0x00000000ee300000, 0x00000000ee400000, 0x00000000ee400000|100%| E|CS|TAMS 0x00000000ee300000| PB 0x00000000ee300000| Complete 
| 740|0x00000000ee400000, 0x00000000ee500000, 0x00000000ee500000|100%| E|CS|TAMS 0x00000000ee400000| PB 0x00000000ee400000| Complete 
| 741|0x00000000ee500000, 0x00000000ee600000, 0x00000000ee600000|100%| E|CS|TAMS 0x00000000ee500000| PB 0x00000000ee500000| Complete 
| 742|0x00000000ee600000, 0x00000000ee700000, 0x00000000ee700000|100%| E|CS|TAMS 0x00000000ee600000| PB 0x00000000ee600000| Complete 
| 743|0x00000000ee700000, 0x00000000ee800000, 0x00000000ee800000|100%| E|CS|TAMS 0x00000000ee700000| PB 0x00000000ee700000| Complete 
| 744|0x00000000ee800000, 0x00000000ee900000, 0x00000000ee900000|100%| E|CS|TAMS 0x00000000ee800000| PB 0x00000000ee800000| Complete 
| 745|0x00000000ee900000, 0x00000000eea00000, 0x00000000eea00000|100%| E|CS|TAMS 0x00000000ee900000| PB 0x00000000ee900000| Complete 
| 746|0x00000000eea00000, 0x00000000eeb00000, 0x00000000eeb00000|100%| E|CS|TAMS 0x00000000eea00000| PB 0x00000000eea00000| Complete 
| 747|0x00000000eeb00000, 0x00000000eec00000, 0x00000000eec00000|100%| E|CS|TAMS 0x00000000eeb00000| PB 0x00000000eeb00000| Complete 
| 748|0x00000000eec00000, 0x00000000eed00000, 0x00000000eed00000|100%| E|CS|TAMS 0x00000000eec00000| PB 0x00000000eec00000| Complete 
| 749|0x00000000eed00000, 0x00000000eee00000, 0x00000000eee00000|100%| E|CS|TAMS 0x00000000eed00000| PB 0x00000000eed00000| Complete 
| 750|0x00000000eee00000, 0x00000000eef00000, 0x00000000eef00000|100%| E|CS|TAMS 0x00000000eee00000| PB 0x00000000eee00000| Complete 
| 751|0x00000000eef00000, 0x00000000ef000000, 0x00000000ef000000|100%| E|CS|TAMS 0x00000000eef00000| PB 0x00000000eef00000| Complete 
| 752|0x00000000ef000000, 0x00000000ef100000, 0x00000000ef100000|100%| E|CS|TAMS 0x00000000ef000000| PB 0x00000000ef000000| Complete 
| 753|0x00000000ef100000, 0x00000000ef200000, 0x00000000ef200000|100%| E|CS|TAMS 0x00000000ef100000| PB 0x00000000ef100000| Complete 
| 754|0x00000000ef200000, 0x00000000ef300000, 0x00000000ef300000|100%| E|CS|TAMS 0x00000000ef200000| PB 0x00000000ef200000| Complete 
| 755|0x00000000ef300000, 0x00000000ef400000, 0x00000000ef400000|100%| E|CS|TAMS 0x00000000ef300000| PB 0x00000000ef300000| Complete 
| 756|0x00000000ef400000, 0x00000000ef500000, 0x00000000ef500000|100%| E|CS|TAMS 0x00000000ef400000| PB 0x00000000ef400000| Complete 
| 757|0x00000000ef500000, 0x00000000ef600000, 0x00000000ef600000|100%| E|CS|TAMS 0x00000000ef500000| PB 0x00000000ef500000| Complete 
| 758|0x00000000ef600000, 0x00000000ef700000, 0x00000000ef700000|100%| E|CS|TAMS 0x00000000ef600000| PB 0x00000000ef600000| Complete 
| 759|0x00000000ef700000, 0x00000000ef800000, 0x00000000ef800000|100%| E|CS|TAMS 0x00000000ef700000| PB 0x00000000ef700000| Complete 
| 760|0x00000000ef800000, 0x00000000ef900000, 0x00000000ef900000|100%| E|CS|TAMS 0x00000000ef800000| PB 0x00000000ef800000| Complete 
| 761|0x00000000ef900000, 0x00000000efa00000, 0x00000000efa00000|100%| E|CS|TAMS 0x00000000ef900000| PB 0x00000000ef900000| Complete 
| 762|0x00000000efa00000, 0x00000000efb00000, 0x00000000efb00000|100%| E|CS|TAMS 0x00000000efa00000| PB 0x00000000efa00000| Complete 
| 763|0x00000000efb00000, 0x00000000efc00000, 0x00000000efc00000|100%| E|CS|TAMS 0x00000000efb00000| PB 0x00000000efb00000| Complete 
| 764|0x00000000efc00000, 0x00000000efd00000, 0x00000000efd00000|100%| E|CS|TAMS 0x00000000efc00000| PB 0x00000000efc00000| Complete 

Card table byte_map: [0x000002657bc00000,0x000002657be00000] _byte_map_base: 0x000002657b600000

Marking Bits: (CMBitMap*) 0x0000026556e80db0
 Bits: [0x000002657be00000, 0x000002657ce00000)

Polling page: 0x00000265548c0000

Metaspace:

Usage:
  Non-class:    382.30 MB used.
      Class:     53.36 MB used.
       Both:    435.66 MB used.

Virtual space:
  Non-class space:      448.00 MB reserved,     386.06 MB ( 86%) committed,  7 nodes.
      Class space:        1.00 GB reserved,      56.69 MB (  6%) committed,  1 nodes.
             Both:        1.44 GB reserved,     442.75 MB ( 30%) committed. 

Chunk freelists:
   Non-Class:  13.57 MB
       Class:  7.59 MB
        Both:  21.17 MB

MaxMetaspaceSize: unlimited
CompressedClassSpaceSize: 1.00 GB
Initial GC threshold: 21.00 MB
Current GC threshold: 739.62 MB
CDS: on
 - commit_granule_bytes: 65536.
 - commit_granule_words: 8192.
 - virtual_space_node_default_size: 8388608.
 - enlarge_chunks_in_place: 1.
 - use_allocation_guard: 0.


Internal statistics:

num_allocs_failed_limit: 6.
num_arena_births: 26440.
num_arena_deaths: 18502.
num_vsnodes_births: 8.
num_vsnodes_deaths: 0.
num_space_committed: 7264.
num_space_uncommitted: 102.
num_chunks_returned_to_freelist: 27411.
num_chunks_taken_from_freelist: 62178.
num_chunk_merges: 9049.
num_chunk_splits: 30211.
num_chunks_enlarged: 13224.
num_inconsistent_stats: 0.

CodeHeap 'non-profiled nmethods': size=259328Kb used=57428Kb max_used=59676Kb free=201899Kb
 bounds [0x000002656b100000, 0x000002656ebe0000, 0x000002657ae40000]
CodeHeap 'profiled nmethods': size=259264Kb used=91337Kb max_used=97433Kb free=167926Kb
 bounds [0x000002655ae40000, 0x0000026560f10000, 0x000002656ab70000]
CodeHeap 'non-nmethods': size=5696Kb used=4719Kb max_used=4781Kb free=976Kb
 bounds [0x000002656ab70000, 0x000002656b030000, 0x000002656b100000]
CodeCache: size=524288Kb, used=153484Kb, max_used=161890Kb, free=370801Kb
 total_blobs=40040, nmethods=37545, adapters=2392, full_count=0
Compilation: enabled, stopped_count=0, restarted_count=0

Compilation events (20 events):
Event: 59843.112 Thread 0x000002654602bfd0 180046       3       com.intellij.openapi.editor.impl.ScrollingModelImpl$MyChangeListener$$Lambda/0x0000026503ab3568::run (8 bytes)
Event: 59843.112 Thread 0x000002654602bfd0 nmethod 180046 0x000002655cb71310 code [0x000002655cb714c0, 0x000002655cb71600]
Event: 59843.160 Thread 0x000002654602a500 180047       4       com.intellij.openapi.editor.impl.ErrorStripeMarkersModel$$Lambda/0x0000026503aa69d0::process (12 bytes)
Event: 59843.166 Thread 0x000002654602a500 nmethod 180047 0x000002656c1a7910 code [0x000002656c1a7b20, 0x000002656c1a8078]
Event: 59843.188 Thread 0x000002654602bfd0 180048       3       com.intellij.openapi.util.ProperTextRange::intersection (58 bytes)
Event: 59843.188 Thread 0x000002654602bfd0 nmethod 180048 0x000002655bdc6810 code [0x000002655bdc6a60, 0x000002655bdc7298]
Event: 59843.188 Thread 0x000002654602bfd0 180049       3       com.intellij.openapi.editor.impl.EditorMarkupModelImpl$MyErrorPanel::repaint (137 bytes)
Event: 59843.189 Thread 0x000002654602bfd0 nmethod 180049 0x000002655dc4db90 code [0x000002655dc4dfe0, 0x000002655dc4fc98]
Event: 59843.211 Thread 0x000002654602a500 180050       4       sun.font.StandardGlyphVector$GlyphStrike::addDefaultGlyphAdvance (46 bytes)
Event: 59843.212 Thread 0x000002654602a500 nmethod 180050 0x000002656d080e10 code [0x000002656d080fa0, 0x000002656d0810c0]
Event: 59843.324 Thread 0x000002654602a500 180051   !   4       com.intellij.ui.EditorNotificationsImpl$updateEditors$job$1::invokeSuspend (898 bytes)
Event: 59843.325 Thread 0x000002654602bfd0 180053       1       com.intellij.util.indexing.events.FileIndexingRequest::getFileId (5 bytes)
Event: 59843.325 Thread 0x000002654602bfd0 nmethod 180053 0x000002656bf4fc10 code [0x000002656bf4fda0, 0x000002656bf4fe68]
Event: 59843.325 Thread 0x000002654602bfd0 180054       3       com.intellij.util.indexing.projectFilter.IncrementalProjectIndexableFilesFilterHolder::ensureFileIdPresent (185 bytes)
Event: 59843.327 Thread 0x000002654602bfd0 nmethod 180054 0x000002655fb8a190 code [0x000002655fb8a580, 0x000002655fb8c2c0]
Event: 59843.400 Thread 0x000002654602a500 nmethod 180051 0x000002656d6ecd90 code [0x000002656d6ed400, 0x000002656d6f13e8]
Event: 59843.400 Thread 0x000002654602a500 180052       4       com.intellij.util.containers.ConcurrentBitSetImpl$$Lambda/0x0000026504a89548::applyAsInt (9 bytes)
Event: 59843.401 Thread 0x000002654602a500 nmethod 180052 0x000002656bffc210 code [0x000002656bffc3a0, 0x000002656bffc430]
Event: 59845.128 Thread 0x000002654602a500 180055       4       com.intellij.util.io.PagedFileStorage::getBuffer (8 bytes)
Event: 59845.133 Thread 0x000002654602a500 nmethod 180055 0x000002656b393710 code [0x000002656b393900, 0x000002656b393db0]

GC Heap History (20 events):
Event: 59661.687 GC heap after
{Heap after GC invocations=604 (full 20):
 garbage-first heap   total 754688K, used 451377K [0x00000000c0000000, 0x0000000100000000)
  region size 1024K, 5 young (5120K), 5 survivors (5120K)
 Metaspace       used 446643K, committed 453888K, reserved 1507328K
  class space    used 54824K, committed 58112K, reserved 1048576K
}
Event: 59691.797 GC heap before
{Heap before GC invocations=605 (full 20):
 garbage-first heap   total 768000K, used 709425K [0x00000000c0000000, 0x0000000100000000)
  region size 1024K, 252 young (258048K), 5 survivors (5120K)
 Metaspace       used 445455K, committed 452992K, reserved 1507328K
  class space    used 54601K, committed 57984K, reserved 1048576K
}
Event: 59691.806 GC heap after
{Heap after GC invocations=606 (full 20):
 garbage-first heap   total 768000K, used 469771K [0x00000000c0000000, 0x0000000100000000)
  region size 1024K, 17 young (17408K), 17 survivors (17408K)
 Metaspace       used 445455K, committed 452992K, reserved 1507328K
  class space    used 54601K, committed 57984K, reserved 1048576K
}
Event: 59721.823 GC heap before
{Heap before GC invocations=606 (full 20):
 garbage-first heap   total 768000K, used 709387K [0x00000000c0000000, 0x0000000100000000)
  region size 1024K, 247 young (252928K), 17 survivors (17408K)
 Metaspace       used 445677K, committed 452992K, reserved 1507328K
  class space    used 54621K, committed 57984K, reserved 1048576K
}
Event: 59721.831 GC heap after
{Heap after GC invocations=607 (full 20):
 garbage-first heap   total 768000K, used 470460K [0x00000000c0000000, 0x0000000100000000)
  region size 1024K, 20 young (20480K), 20 survivors (20480K)
 Metaspace       used 445677K, committed 452992K, reserved 1507328K
  class space    used 54621K, committed 57984K, reserved 1048576K
}
Event: 59721.900 GC heap before
{Heap before GC invocations=607 (full 20):
 garbage-first heap   total 768000K, used 479676K [0x00000000c0000000, 0x0000000100000000)
  region size 1024K, 30 young (30720K), 20 survivors (20480K)
 Metaspace       used 445680K, committed 452992K, reserved 1507328K
  class space    used 54621K, committed 57984K, reserved 1048576K
}
Event: 59721.914 GC heap after
{Heap after GC invocations=608 (full 20):
 garbage-first heap   total 768000K, used 460938K [0x00000000c0000000, 0x0000000100000000)
  region size 1024K, 6 young (6144K), 6 survivors (6144K)
 Metaspace       used 445680K, committed 452992K, reserved 1507328K
  class space    used 54621K, committed 57984K, reserved 1048576K
}
Event: 59733.530 GC heap before
{Heap before GC invocations=609 (full 20):
 garbage-first heap   total 778240K, used 718986K [0x00000000c0000000, 0x0000000100000000)
  region size 1024K, 256 young (262144K), 6 survivors (6144K)
 Metaspace       used 447185K, committed 454336K, reserved 1507328K
  class space    used 54846K, committed 58112K, reserved 1048576K
}
Event: 59733.540 GC heap after
{Heap after GC invocations=610 (full 20):
 garbage-first heap   total 778240K, used 472450K [0x00000000c0000000, 0x0000000100000000)
  region size 1024K, 14 young (14336K), 14 survivors (14336K)
 Metaspace       used 447185K, committed 454336K, reserved 1507328K
  class space    used 54846K, committed 58112K, reserved 1048576K
}
Event: 59736.915 GC heap before
{Heap before GC invocations=610 (full 20):
 garbage-first heap   total 778240K, used 729474K [0x00000000c0000000, 0x0000000100000000)
  region size 1024K, 256 young (262144K), 14 survivors (14336K)
 Metaspace       used 447246K, committed 454400K, reserved 1507328K
  class space    used 54851K, committed 58112K, reserved 1048576K
}
Event: 59736.924 GC heap after
{Heap after GC invocations=611 (full 20):
 garbage-first heap   total 778240K, used 485630K [0x00000000c0000000, 0x0000000100000000)
  region size 1024K, 24 young (24576K), 24 survivors (24576K)
 Metaspace       used 447246K, committed 454400K, reserved 1507328K
  class space    used 54851K, committed 58112K, reserved 1048576K
}
Event: 59737.903 GC heap before
{Heap before GC invocations=611 (full 20):
 garbage-first heap   total 778240K, used 519422K [0x00000000c0000000, 0x0000000100000000)
  region size 1024K, 58 young (59392K), 24 survivors (24576K)
 Metaspace       used 447266K, committed 454400K, reserved 1507328K
  class space    used 54855K, committed 58112K, reserved 1048576K
}
Event: 59737.910 GC heap after
{Heap after GC invocations=612 (full 20):
 garbage-first heap   total 778240K, used 465699K [0x00000000c0000000, 0x0000000100000000)
  region size 1024K, 8 young (8192K), 8 survivors (8192K)
 Metaspace       used 447266K, committed 454400K, reserved 1507328K
  class space    used 54855K, committed 58112K, reserved 1048576K
}
Event: 59746.501 GC heap before
{Heap before GC invocations=613 (full 20):
 garbage-first heap   total 778240K, used 733987K [0x00000000c0000000, 0x0000000100000000)
  region size 1024K, 264 young (270336K), 8 survivors (8192K)
 Metaspace       used 447282K, committed 454400K, reserved 1507328K
  class space    used 54855K, committed 58112K, reserved 1048576K
}
Event: 59746.510 GC heap after
{Heap after GC invocations=614 (full 20):
 garbage-first heap   total 778240K, used 484824K [0x00000000c0000000, 0x0000000100000000)
  region size 1024K, 20 young (20480K), 20 survivors (20480K)
 Metaspace       used 447282K, committed 454400K, reserved 1507328K
  class space    used 54855K, committed 58112K, reserved 1048576K
}
Event: 59755.418 GC heap before
{Heap before GC invocations=614 (full 20):
 garbage-first heap   total 778240K, used 724440K [0x00000000c0000000, 0x0000000100000000)
  region size 1024K, 245 young (250880K), 20 survivors (20480K)
 Metaspace       used 447317K, committed 454464K, reserved 1507328K
  class space    used 54860K, committed 58112K, reserved 1048576K
}
Event: 59755.425 GC heap after
{Heap after GC invocations=615 (full 20):
 garbage-first heap   total 778240K, used 472199K [0x00000000c0000000, 0x0000000100000000)
  region size 1024K, 7 young (7168K), 7 survivors (7168K)
 Metaspace       used 447317K, committed 454464K, reserved 1507328K
  class space    used 54860K, committed 58112K, reserved 1048576K
}
Event: 59765.240 GC heap before
{Heap before GC invocations=615 (full 20):
 garbage-first heap   total 778240K, used 637063K [0x00000000c0000000, 0x0000000100000000)
  region size 1024K, 170 young (174080K), 7 survivors (7168K)
 Metaspace       used 447395K, committed 454528K, reserved 1507328K
  class space    used 54871K, committed 58112K, reserved 1048576K
}
Event: 59765.245 GC heap after
{Heap after GC invocations=616 (full 20):
 garbage-first heap   total 778240K, used 464881K [0x00000000c0000000, 0x0000000100000000)
  region size 1024K, 8 young (8192K), 8 survivors (8192K)
 Metaspace       used 447395K, committed 454528K, reserved 1507328K
  class space    used 54871K, committed 58112K, reserved 1048576K
}
Event: 59846.382 GC heap before
{Heap before GC invocations=617 (full 20):
 garbage-first heap   total 783360K, used 695281K [0x00000000c0000000, 0x0000000100000000)
  region size 1024K, 232 young (237568K), 8 survivors (8192K)
 Metaspace       used 446119K, committed 453376K, reserved 1507328K
  class space    used 54642K, committed 58048K, reserved 1048576K
}

Dll operation events (4 events):
Event: 0.008 Loaded shared library D:\application\JetBrains Rider 2025.2.3\jbr\bin\java.dll
Event: 0.008 Loaded shared library D:\application\JetBrains Rider 2025.2.3\jbr\bin\zip.dll
Event: 0.353 Loaded shared library D:\application\JetBrains Rider 2025.2.3\jbr\bin\verify.dll
Event: 3.187 Loaded shared library D:\application\JetBrains Rider 2025.2.3\jbr\bin\instrument.dll

Deoptimization events (20 events):
Event: 59765.104 Thread 0x00000265c1be1ba0 DEOPT PACKING pc=0x000002656e7b68f8 sp=0x000000d9972fdb50
Event: 59765.104 Thread 0x00000265c1be1ba0 DEOPT UNPACKING pc=0x000002656abc7da2 sp=0x000000d9972fdb10 mode 2
Event: 59841.386 Thread 0x00000265a7f08e20 DEOPT PACKING pc=0x000002655afd326d sp=0x000000d9926fce50
Event: 59841.386 Thread 0x00000265a7f08e20 DEOPT UNPACKING pc=0x000002656abc88e2 sp=0x000000d9926fc2e0 mode 0
Event: 59843.016 Thread 0x00000265a7f08e20 Uncommon trap: trap_request=0xffffffbe fr.pc=0x000002656dc304cc relative=0x00000000000001ec
Event: 59843.016 Thread 0x00000265a7f08e20 Uncommon trap: reason=profile_predicate action=maybe_recompile pc=0x000002656dc304cc method=com.intellij.openapi.vfs.impl.FilePartNode.processPointers(Ljava/util/function/Consumer;)V @ 57 c2
Event: 59843.016 Thread 0x00000265a7f08e20 DEOPT PACKING pc=0x000002656dc304cc sp=0x000000d9926fda80
Event: 59843.016 Thread 0x00000265a7f08e20 DEOPT UNPACKING pc=0x000002656abc7da2 sp=0x000000d9926fd9e8 mode 2
Event: 59843.016 Thread 0x00000265a7f08e20 Uncommon trap: trap_request=0xffffffbe fr.pc=0x000002656dc304cc relative=0x00000000000001ec
Event: 59843.016 Thread 0x00000265a7f08e20 Uncommon trap: reason=profile_predicate action=maybe_recompile pc=0x000002656dc304cc method=com.intellij.openapi.vfs.impl.FilePartNode.processPointers(Ljava/util/function/Consumer;)V @ 57 c2
Event: 59843.016 Thread 0x00000265a7f08e20 DEOPT PACKING pc=0x000002656dc304cc sp=0x000000d9926fda80
Event: 59843.016 Thread 0x00000265a7f08e20 DEOPT UNPACKING pc=0x000002656abc7da2 sp=0x000000d9926fd9e8 mode 2
Event: 59843.016 Thread 0x00000265a7f08e20 Uncommon trap: trap_request=0xffffffbe fr.pc=0x000002656dc304cc relative=0x00000000000001ec
Event: 59843.016 Thread 0x00000265a7f08e20 Uncommon trap: reason=profile_predicate action=maybe_recompile pc=0x000002656dc304cc method=com.intellij.openapi.vfs.impl.FilePartNode.processPointers(Ljava/util/function/Consumer;)V @ 57 c2
Event: 59843.016 Thread 0x00000265a7f08e20 DEOPT PACKING pc=0x000002656dc304cc sp=0x000000d9926fda80
Event: 59843.016 Thread 0x00000265a7f08e20 DEOPT UNPACKING pc=0x000002656abc7da2 sp=0x000000d9926fd9e8 mode 2
Event: 59843.016 Thread 0x00000265a7f08e20 Uncommon trap: trap_request=0xffffffbe fr.pc=0x000002656dc304cc relative=0x00000000000001ec
Event: 59843.016 Thread 0x00000265a7f08e20 Uncommon trap: reason=profile_predicate action=maybe_recompile pc=0x000002656dc304cc method=com.intellij.openapi.vfs.impl.FilePartNode.processPointers(Ljava/util/function/Consumer;)V @ 57 c2
Event: 59843.016 Thread 0x00000265a7f08e20 DEOPT PACKING pc=0x000002656dc304cc sp=0x000000d9926fda80
Event: 59843.016 Thread 0x00000265a7f08e20 DEOPT UNPACKING pc=0x000002656abc7da2 sp=0x000000d9926fd9e8 mode 2

Classes loaded (20 events):
Event: 59761.318 Loading class kotlin/IntArray
Event: 59761.318 Loading class kotlin/IntArray done
Event: 59761.318 Loading class kotlin/IntArray
Event: 59761.318 Loading class kotlin/IntArray done
Event: 59761.318 Loading class kotlin/FloatArray
Event: 59761.318 Loading class kotlin/FloatArray done
Event: 59761.318 Loading class kotlin/FloatArray
Event: 59761.318 Loading class kotlin/FloatArray done
Event: 59761.318 Loading class kotlin/LongArray
Event: 59761.318 Loading class kotlin/LongArray done
Event: 59761.318 Loading class kotlin/LongArray
Event: 59761.318 Loading class kotlin/LongArray done
Event: 59761.318 Loading class kotlin/DoubleArray
Event: 59761.318 Loading class kotlin/DoubleArray done
Event: 59761.318 Loading class kotlin/DoubleArray
Event: 59761.318 Loading class kotlin/DoubleArray done
Event: 59761.319 Loading class javax/annotation/Nullable
Event: 59761.319 Loading class javax/annotation/Nullable done
Event: 59821.285 Loading class javax/annotation/Nullable
Event: 59821.285 Loading class javax/annotation/Nullable done

Classes unloaded (20 events):
Event: 59765.391 Thread 0x000002657fba47d0 Unloading class 0x00000265057e5000 'java/lang/invoke/LambdaForm$MH+0x00000265057e5000'
Event: 59765.391 Thread 0x000002657fba47d0 Unloading class 0x0000026505455000 'java/lang/invoke/LambdaForm$MH+0x0000026505455000'
Event: 59765.391 Thread 0x000002657fba47d0 Unloading class 0x0000026505628000 'java/lang/invoke/LambdaForm$MH+0x0000026505628000'
Event: 59765.391 Thread 0x000002657fba47d0 Unloading class 0x0000026505225000 'java/lang/invoke/LambdaForm$MH+0x0000026505225000'
Event: 59765.391 Thread 0x000002657fba47d0 Unloading class 0x0000026505454400 'java/lang/invoke/LambdaForm$MH+0x0000026505454400'
Event: 59765.391 Thread 0x000002657fba47d0 Unloading class 0x00000265056f1c00 'java/lang/invoke/LambdaForm$MH+0x00000265056f1c00'
Event: 59765.391 Thread 0x000002657fba47d0 Unloading class 0x0000026505596c00 'java/lang/invoke/LambdaForm$MH+0x0000026505596c00'
Event: 59765.391 Thread 0x000002657fba47d0 Unloading class 0x0000026505548800 'java/lang/invoke/LambdaForm$MH+0x0000026505548800'
Event: 59765.391 Thread 0x000002657fba47d0 Unloading class 0x000002650569c800 'java/lang/invoke/LambdaForm$MH+0x000002650569c800'
Event: 59765.391 Thread 0x000002657fba47d0 Unloading class 0x0000026505733c00 'java/lang/invoke/LambdaForm$MH+0x0000026505733c00'
Event: 59765.391 Thread 0x000002657fba47d0 Unloading class 0x0000026505728400 'java/lang/invoke/LambdaForm$MH+0x0000026505728400'
Event: 59765.391 Thread 0x000002657fba47d0 Unloading class 0x000002650558b400 'java/lang/invoke/LambdaForm$MH+0x000002650558b400'
Event: 59765.391 Thread 0x000002657fba47d0 Unloading class 0x0000026505477000 'java/lang/invoke/LambdaForm$MH+0x0000026505477000'
Event: 59765.391 Thread 0x000002657fba47d0 Unloading class 0x0000026505710400 'java/lang/invoke/LambdaForm$MH+0x0000026505710400'
Event: 59765.391 Thread 0x000002657fba47d0 Unloading class 0x000002650571c000 'java/lang/invoke/LambdaForm$MH+0x000002650571c000'
Event: 59765.391 Thread 0x000002657fba47d0 Unloading class 0x0000026505722000 'java/lang/invoke/LambdaForm$MH+0x0000026505722000'
Event: 59765.391 Thread 0x000002657fba47d0 Unloading class 0x0000026505618c00 'java/lang/invoke/LambdaForm$MH+0x0000026505618c00'
Event: 59765.391 Thread 0x000002657fba47d0 Unloading class 0x000002650583c400 'java/lang/invoke/LambdaForm$MH+0x000002650583c400'
Event: 59765.391 Thread 0x000002657fba47d0 Unloading class 0x0000026505413400 'java/lang/invoke/LambdaForm$MH+0x0000026505413400'
Event: 59765.391 Thread 0x000002657fba47d0 Unloading class 0x0000026504688c00 'java/lang/invoke/LambdaForm$MH+0x0000026504688c00'

Classes redefined (4 events):
Event: 0.239 Thread 0x000002657fba47d0 redefined class name=java.math.BigInteger, count=1
Event: 0.246 Thread 0x000002657fba47d0 redefined class name=java.net.InetAddress, count=1
Event: 0.251 Thread 0x000002657fba47d0 redefined class name=sun.management.VMManagementImpl, count=1
Event: 0.270 Thread 0x000002657fba47d0 redefined class name=java.lang.Class, count=1

Internal exceptions (20 events):
Event: 59841.710 Thread 0x000002666d772710 Exception <a 'sun/nio/fs/WindowsException'{0x00000000e5eed9d0}> (0x00000000e5eed9d0) 
thrown [s\src\hotspot\share\prims\jni.cpp, line 537]
Event: 59841.710 Thread 0x00000265b6d01f70 Exception <a 'sun/nio/fs/WindowsException'{0x00000000e5d22940}> (0x00000000e5d22940) 
thrown [s\src\hotspot\share\prims\jni.cpp, line 537]
Event: 59842.398 Thread 0x0000026653fdb9b0 Exception <a 'sun/nio/fs/WindowsException'{0x00000000e55214d0}> (0x00000000e55214d0) 
thrown [s\src\hotspot\share\prims\jni.cpp, line 537]
Event: 59842.399 Thread 0x00000265b6d01f70 Exception <a 'sun/nio/fs/WindowsException'{0x00000000e5546d08}> (0x00000000e5546d08) 
thrown [s\src\hotspot\share\prims\jni.cpp, line 537]
Event: 59842.402 Thread 0x0000026653fdb9b0 Exception <a 'sun/nio/fs/WindowsException'{0x00000000e55e38d8}> (0x00000000e55e38d8) 
thrown [s\src\hotspot\share\prims\jni.cpp, line 537]
Event: 59842.402 Thread 0x00000265b6d01f70 Exception <a 'sun/nio/fs/WindowsException'{0x00000000e4c1b610}> (0x00000000e4c1b610) 
thrown [s\src\hotspot\share\prims\jni.cpp, line 537]
Event: 59842.402 Thread 0x00000265b6d01f70 Exception <a 'sun/nio/fs/WindowsException'{0x00000000e4c1baf8}> (0x00000000e4c1baf8) 
thrown [s\src\hotspot\share\prims\jni.cpp, line 537]
Event: 59842.402 Thread 0x0000026653fdb9b0 Exception <a 'sun/nio/fs/WindowsException'{0x00000000e55e3dd0}> (0x00000000e55e3dd0) 
thrown [s\src\hotspot\share\prims\jni.cpp, line 537]
Event: 59842.836 Thread 0x00000265c13dff70 Exception <a 'sun/nio/fs/WindowsException'{0x00000000e4c6e4c0}> (0x00000000e4c6e4c0) 
thrown [s\src\hotspot\share\prims\jni.cpp, line 537]
Event: 59842.836 Thread 0x000002662d358150 Exception <a 'java/net/ConnectException'{0x00000000e4bb75e0}: Connection refused: connect> (0x00000000e4bb75e0) 
thrown [s\src\hotspot\share\prims\jni.cpp, line 572]
Event: 59843.033 Thread 0x00000265b78bf980 Exception <a 'sun/nio/fs/WindowsException'{0x00000000e45407d8}> (0x00000000e45407d8) 
thrown [s\src\hotspot\share\prims\jni.cpp, line 537]
Event: 59843.036 Thread 0x00000265b77c1e20 Exception <a 'sun/nio/fs/WindowsException'{0x00000000e42c9778}> (0x00000000e42c9778) 
thrown [s\src\hotspot\share\prims\jni.cpp, line 537]
Event: 59844.029 Thread 0x00000265b7369540 Exception <a 'sun/nio/fs/WindowsException'{0x00000000e1ac8890}> (0x00000000e1ac8890) 
thrown [s\src\hotspot\share\prims\jni.cpp, line 537]
Event: 59844.029 Thread 0x0000026653fdb9b0 Exception <a 'sun/nio/fs/WindowsException'{0x00000000e1ad3870}> (0x00000000e1ad3870) 
thrown [s\src\hotspot\share\prims\jni.cpp, line 537]
Event: 59844.033 Thread 0x00000265b7369540 Exception <a 'sun/nio/fs/WindowsException'{0x00000000e197fd88}> (0x00000000e197fd88) 
thrown [s\src\hotspot\share\prims\jni.cpp, line 537]
Event: 59844.033 Thread 0x0000026653fdb9b0 Exception <a 'sun/nio/fs/WindowsException'{0x00000000e1986290}> (0x00000000e1986290) 
thrown [s\src\hotspot\share\prims\jni.cpp, line 537]
Event: 59844.034 Thread 0x0000026653fdb9b0 Exception <a 'sun/nio/fs/WindowsException'{0x00000000e1986788}> (0x00000000e1986788) 
thrown [s\src\hotspot\share\prims\jni.cpp, line 537]
Event: 59844.034 Thread 0x00000265b7369540 Exception <a 'sun/nio/fs/WindowsException'{0x00000000e1980270}> (0x00000000e1980270) 
thrown [s\src\hotspot\share\prims\jni.cpp, line 537]
Event: 59845.446 Thread 0x00000265b6e89730 Exception <a 'sun/nio/fs/WindowsException'{0x00000000e1721f50}> (0x00000000e1721f50) 
thrown [s\src\hotspot\share\prims\jni.cpp, line 537]
Event: 59845.447 Thread 0x000002665eaea920 Exception <a 'java/net/ConnectException'{0x00000000e16016b0}: Connection refused: connect> (0x00000000e16016b0) 
thrown [s\src\hotspot\share\prims\jni.cpp, line 572]

ZGC Phase Switch (0 events):
No events

VM Operations (20 events):
Event: 59781.040 Executing VM operation: RendezvousGCThreads done
Event: 59794.047 Executing VM operation: Cleanup
Event: 59794.047 Executing VM operation: Cleanup done
Event: 59822.062 Executing VM operation: Cleanup
Event: 59822.062 Executing VM operation: Cleanup done
Event: 59826.066 Executing VM operation: Cleanup
Event: 59826.066 Executing VM operation: Cleanup done
Event: 59839.072 Executing VM operation: Cleanup
Event: 59839.072 Executing VM operation: Cleanup done
Event: 59841.172 Executing VM operation: HandshakeAllThreads (HandshakeForDeflation)
Event: 59841.172 Executing VM operation: HandshakeAllThreads (HandshakeForDeflation) done
Event: 59841.172 Executing VM operation: RendezvousGCThreads
Event: 59841.172 Executing VM operation: RendezvousGCThreads done
Event: 59842.172 Executing VM operation: Cleanup
Event: 59842.172 Executing VM operation: Cleanup done
Event: 59843.172 Executing VM operation: Cleanup
Event: 59843.172 Executing VM operation: Cleanup done
Event: 59844.173 Executing VM operation: Cleanup
Event: 59844.173 Executing VM operation: Cleanup done
Event: 59846.381 Executing VM operation: G1CollectFull (JBR shrinking GC)

Memory protections (0 events):
No events

Nmethod flushes (20 events):
Event: 59765.421 Thread 0x000002657fba47d0 flushing  nmethod 0x000002655e10a410
Event: 59765.421 Thread 0x000002657fba47d0 flushing  nmethod 0x000002655e1bd090
Event: 59765.421 Thread 0x000002657fba47d0 flushing  nmethod 0x000002655e2bf110
Event: 59765.421 Thread 0x000002657fba47d0 flushing  nmethod 0x000002655e50f810
Event: 59765.421 Thread 0x000002657fba47d0 flushing  nmethod 0x000002655e881910
Event: 59765.421 Thread 0x000002657fba47d0 flushing  nmethod 0x000002655e883510
Event: 59765.421 Thread 0x000002657fba47d0 flushing  nmethod 0x000002655ea4b710
Event: 59765.421 Thread 0x000002657fba47d0 flushing  nmethod 0x000002655ecf1e90
Event: 59765.421 Thread 0x000002657fba47d0 flushing  nmethod 0x000002655eec9a90
Event: 59765.421 Thread 0x000002657fba47d0 flushing  nmethod 0x000002655eed9e90
Event: 59765.421 Thread 0x000002657fba47d0 flushing  nmethod 0x000002655f182390
Event: 59765.421 Thread 0x000002657fba47d0 flushing  nmethod 0x000002655f832690
Event: 59765.421 Thread 0x000002657fba47d0 flushing  nmethod 0x000002655f836390
Event: 59765.421 Thread 0x000002657fba47d0 flushing  nmethod 0x000002655f91de10
Event: 59765.421 Thread 0x000002657fba47d0 flushing  nmethod 0x000002655fc10a90
Event: 59765.421 Thread 0x000002657fba47d0 flushing  nmethod 0x000002655fe1c210
Event: 59765.421 Thread 0x000002657fba47d0 flushing  nmethod 0x000002655ff0e710
Event: 59765.421 Thread 0x000002657fba47d0 flushing  nmethod 0x00000265601f8c90
Event: 59765.421 Thread 0x000002657fba47d0 flushing  nmethod 0x0000026560872490
Event: 59765.421 Thread 0x000002657fba47d0 flushing  nmethod 0x0000026560a16210

Events (20 events):
Event: 59824.569 Thread 0x00000265b7366750 Thread exited: 0x00000265b7366750
Event: 59824.570 Thread 0x00000265b73660c0 Thread exited: 0x00000265b73660c0
Event: 59826.129 Thread 0x0000026669566d00 Thread exited: 0x0000026669566d00
Event: 59826.129 Thread 0x0000026658b40fe0 Thread exited: 0x0000026658b40fe0
Event: 59826.129 Thread 0x00000265b6e8b170 Thread exited: 0x00000265b6e8b170
Event: 59826.129 Thread 0x00000265b708e910 Thread exited: 0x00000265b708e910
Event: 59826.129 Thread 0x00000265b8169030 Thread exited: 0x00000265b8169030
Event: 59826.138 Thread 0x000002666bbd2170 Thread exited: 0x000002666bbd2170
Event: 59826.865 Thread 0x0000026658b3c7b0 Thread exited: 0x0000026658b3c7b0
Event: 59830.866 Thread 0x00000265c454fec0 Thread exited: 0x00000265c454fec0
Event: 59830.930 Thread 0x00000265c3eef800 Thread exited: 0x00000265c3eef800
Event: 59834.866 Thread 0x00000265b7eaf1a0 Thread exited: 0x00000265b7eaf1a0
Event: 59835.486 Thread 0x00000265c13d8450 Thread exited: 0x00000265c13d8450
Event: 59841.379 Thread 0x00000265a7f08e20 Thread added: 0x00000265b8695dc0
Event: 59843.031 Thread 0x00000265b7368eb0 Thread added: 0x00000265c4552620
Event: 59843.031 Thread 0x00000265a7f08e20 Thread added: 0x000002666bbd48d0
Event: 59843.032 Thread 0x00000265a7f08e20 Thread added: 0x000002666bbd4f60
Event: 59843.032 Thread 0x00000265a7f08e20 Thread added: 0x000002666bbd2170
Event: 59843.034 Thread 0x00000265b7368eb0 Thread added: 0x0000026658b40fe0
Event: 59843.034 Thread 0x00000265c4552620 Thread added: 0x00000265b8696ae0


Dynamic libraries:
0x00007ff7aa790000 - 0x00007ff7aa905000 	D:\application\JetBrains Rider 2025.2.3\bin\rider64.exe
0x00007ffa51270000 - 0x00007ffa51487000 	C:\Windows\SYSTEM32\ntdll.dll
0x00007ffa508e0000 - 0x00007ffa509a4000 	C:\Windows\System32\KERNEL32.DLL
0x00007ffa4e5c0000 - 0x00007ffa4e96d000 	C:\Windows\System32\KERNELBASE.dll
0x00007ffa50fc0000 - 0x00007ffa51097000 	C:\Windows\System32\oleaut32.dll
0x00007ffa4eba0000 - 0x00007ffa4ec3a000 	C:\Windows\System32\msvcp_win.dll
0x00007ffa4ecc0000 - 0x00007ffa4edd1000 	C:\Windows\System32\ucrtbase.dll
0x00007ffa50c30000 - 0x00007ffa50fbd000 	C:\Windows\System32\combase.dll
0x00007ffa4f760000 - 0x00007ffa4f874000 	C:\Windows\System32\RPCRT4.dll
0x00007ffa509b0000 - 0x00007ffa50b5e000 	C:\Windows\System32\user32.dll
0x00007ffa4e590000 - 0x00007ffa4e5b6000 	C:\Windows\System32\win32u.dll
0x00007ffa4f6a0000 - 0x00007ffa4f6c9000 	C:\Windows\System32\GDI32.dll
0x00007ffa4ede0000 - 0x00007ffa4eef9000 	C:\Windows\System32\gdi32full.dll
0x00007ffa4ffa0000 - 0x00007ffa50808000 	C:\Windows\System32\shell32.dll
0x00007ffa4fa30000 - 0x00007ffa4fae2000 	C:\Windows\System32\advapi32.dll
0x00007ffa4f0b0000 - 0x00007ffa4f157000 	C:\Windows\System32\msvcrt.dll
0x00007ffa50b60000 - 0x00007ffa50c09000 	C:\Windows\System32\sechost.dll
0x00007ffa4dc20000 - 0x00007ffa4dc48000 	C:\Windows\SYSTEM32\userenv.dll
0x00007ffa4ef70000 - 0x00007ffa4ef98000 	C:\Windows\System32\bcrypt.dll
0x00007ffa4ec40000 - 0x00007ffa4ecbb000 	C:\Windows\System32\bcryptprimitives.dll
0x00007ffa48e00000 - 0x00007ffa48e34000 	C:\Windows\SYSTEM32\WINMM.dll
0x00007ffa43770000 - 0x00007ffa439a2000 	C:\Windows\SYSTEM32\dbghelp.dll
0x00007ffa4f1d0000 - 0x00007ffa4f201000 	C:\Windows\System32\IMM32.DLL
0x00007ffa4c4f0000 - 0x00007ffa4cdee000 	C:\Windows\SYSTEM32\windows.storage.dll
0x00007ffa4c3b0000 - 0x00007ffa4c4ef000 	C:\Windows\SYSTEM32\wintypes.dll
0x00007ffa4faf0000 - 0x00007ffa4fbe9000 	C:\Windows\System32\SHCORE.dll
0x00007ffa4f000000 - 0x00007ffa4f05e000 	C:\Windows\System32\shlwapi.dll
0x00007ffa4e4c0000 - 0x00007ffa4e4e1000 	C:\Windows\SYSTEM32\profapi.dll
0x00007ffa4d6d0000 - 0x00007ffa4d704000 	C:\Windows\SYSTEM32\ntmarta.dll
0x00007ff9e8a20000 - 0x00007ff9e97eb000 	D:\application\JetBrains Rider 2025.2.3\jbr\bin\server\jvm.dll
0x00007ffa4f6e0000 - 0x00007ffa4f751000 	C:\Windows\System32\WS2_32.dll
0x00007ffa4d420000 - 0x00007ffa4d46d000 	C:\Windows\SYSTEM32\POWRPROF.dll
0x00007ffa45750000 - 0x00007ffa4576b000 	D:\application\JetBrains Rider 2025.2.3\jbr\bin\VCRUNTIME140.dll
0x00007ffa47970000 - 0x00007ffa4797a000 	C:\Windows\SYSTEM32\VERSION.dll
0x00007ffa45740000 - 0x00007ffa4574c000 	D:\application\JetBrains Rider 2025.2.3\jbr\bin\VCRUNTIME140_1.dll
0x00007ffa4d400000 - 0x00007ffa4d413000 	C:\Windows\SYSTEM32\UMPDC.dll
0x00007ffa20410000 - 0x00007ffa2041a000 	D:\application\JetBrains Rider 2025.2.3\jbr\bin\jimage.dll
0x00007ffa43b30000 - 0x00007ffa43b62000 	C:\Windows\SYSTEM32\dbgcore.DLL
0x00007ffa20400000 - 0x00007ffa2040e000 	D:\application\JetBrains Rider 2025.2.3\jbr\bin\instrument.dll
0x00007ffa06db0000 - 0x00007ffa06dd0000 	D:\application\JetBrains Rider 2025.2.3\jbr\bin\java.dll
0x00007ffa203d0000 - 0x00007ffa203e8000 	D:\application\JetBrains Rider 2025.2.3\jbr\bin\jli.dll
0x00007ffa35b00000 - 0x00007ffa35bb3000 	C:\Windows\WinSxS\amd64_microsoft.windows.common-controls_6595b64144ccf1df_5.82.22621.3527_none_b43b7f4b638cc64f\COMCTL32.dll
0x00007ff9ffbf0000 - 0x00007ff9ffc08000 	D:\application\JetBrains Rider 2025.2.3\jbr\bin\zip.dll
0x00007ffa4d6b0000 - 0x00007ffa4d6c8000 	C:\Windows\SYSTEM32\kernel.appcore.dll
0x00007ffa06cd0000 - 0x00007ffa06ce0000 	D:\application\JetBrains Rider 2025.2.3\jbr\bin\net.dll
0x00007ffa4a410000 - 0x00007ffa4a546000 	C:\Windows\SYSTEM32\WINHTTP.dll
0x00007ffa4db20000 - 0x00007ffa4db89000 	C:\Windows\system32\mswsock.dll
0x00007ff9ffbd0000 - 0x00007ff9ffbe6000 	D:\application\JetBrains Rider 2025.2.3\jbr\bin\nio.dll
0x00007ff9ffbc0000 - 0x00007ff9ffbc9000 	D:\application\JetBrains Rider 2025.2.3\jbr\bin\management.dll
0x00007ff9ffbb0000 - 0x00007ff9ffbbb000 	D:\application\JetBrains Rider 2025.2.3\jbr\bin\management_ext.dll
0x00007ffa4f1c0000 - 0x00007ffa4f1c8000 	C:\Windows\System32\PSAPI.DLL
0x00007ffa42ee0000 - 0x00007ffa42f2b000 	C:\Program Files (x86)\Sangfor\SSL\ClientComponent\SangforNspX64.dll
0x00007ffa4f880000 - 0x00007ffa4fa25000 	C:\Windows\System32\ole32.dll
0x00007ffa19590000 - 0x00007ffa195a7000 	C:\Windows\system32\napinsp.dll
0x00007ffa19570000 - 0x00007ffa1958b000 	C:\Windows\system32\pnrpnsp.dll
0x00007ffa4d070000 - 0x00007ffa4d168000 	C:\Windows\SYSTEM32\DNSAPI.dll
0x00007ffa4d040000 - 0x00007ffa4d06d000 	C:\Windows\SYSTEM32\IPHLPAPI.DLL
0x00007ffa4f6d0000 - 0x00007ffa4f6d9000 	C:\Windows\System32\NSI.dll
0x00007ffa19550000 - 0x00007ffa19561000 	C:\Windows\System32\winrnr.dll
0x00007ffa48190000 - 0x00007ffa481a5000 	C:\Windows\system32\wshbth.dll
0x00007ffa22560000 - 0x00007ffa22587000 	C:\Windows\system32\nlansp_c.dll
0x00007ffa495c0000 - 0x00007ffa495ca000 	C:\Windows\System32\rasadhlp.dll
0x00007ffa49470000 - 0x00007ffa494f3000 	C:\Windows\System32\fwpuclnt.dll
0x00007ff9ffba0000 - 0x00007ff9ffbb0000 	D:\application\JetBrains Rider 2025.2.3\jbr\bin\verify.dll
0x00007ff9ef940000 - 0x00007ff9efad8000 	D:\application\JetBrains Rider 2025.2.3\jbr\bin\awt.dll
0x00007ff9ffb50000 - 0x00007ff9ffb94000 	D:\application\JetBrains Rider 2025.2.3\jbr\bin\nvdaControllerClient64.dll
0x00007ffa4bc80000 - 0x00007ffa4bcab000 	C:\Windows\SYSTEM32\dwmapi.dll
0x00007ff9f9830000 - 0x00007ff9f98bd000 	D:\application\JetBrains Rider 2025.2.3\bin\MSVCP140.dll
0x00007ffa47860000 - 0x00007ffa478f7000 	C:\Windows\SYSTEM32\apphelp.dll
0x00007ff9ffb40000 - 0x00007ff9ffb4e000 	D:\application\JetBrains Rider 2025.2.3\jbr\bin\sunmscapi.dll
0x00007ffa4ea30000 - 0x00007ffa4eb97000 	C:\Windows\System32\CRYPT32.dll
0x00007ffa4df20000 - 0x00007ffa4df4e000 	C:\Windows\SYSTEM32\ncrypt.dll
0x00007ffa4dee0000 - 0x00007ffa4df17000 	C:\Windows\SYSTEM32\NTASN1.dll
0x00007ff9ffb30000 - 0x00007ff9ffb39000 	D:\application\JetBrains Rider 2025.2.3\jbr\bin\prefs.dll
0x00007ffa4ba00000 - 0x00007ffa4bab0000 	C:\Windows\system32\uxtheme.dll
0x00007ffa06ec0000 - 0x00007ffa06ff9000 	C:\ProgramData\A-Volute\A-Volute.Nahimic\Modules\Scheduled\x64\AudioDevProps2.dll
0x00007ff9a4490000 - 0x00007ff9a4498000 	C:\Windows\system32\wshunix.dll
0x00007ffa4fe40000 - 0x00007ffa4ff9b000 	C:\Windows\System32\MSCTF.dll
0x00007ff9ffb20000 - 0x00007ff9ffb29000 	D:\application\JetBrains Rider 2025.2.3\jbr\bin\extnet.dll
0x00007ff9f96a0000 - 0x00007ff9f9727000 	D:\application\JetBrains Rider 2025.2.3\jbr\bin\freetype.dll
0x00007ff9f95b0000 - 0x00007ff9f969e000 	D:\application\JetBrains Rider 2025.2.3\jbr\bin\fontmanager.dll
0x00007ffa4d470000 - 0x00007ffa4d484000 	C:\Windows\system32\Wtsapi32.dll
0x00007ffa4d170000 - 0x00007ffa4d1d6000 	C:\Windows\SYSTEM32\WINSTA.dll
0x00007ff9d1e60000 - 0x00007ff9d1f60000 	C:\Windows\system32\opengl32.dll
0x00007ff9d1e30000 - 0x00007ff9d1e5d000 	C:\Windows\SYSTEM32\GLU32.dll
0x00007ffa4bcf0000 - 0x00007ffa4bd27000 	C:\Windows\SYSTEM32\dxcore.dll
0x00007ff9fb3a0000 - 0x00007ff9fb3e9000 	D:\application\JetBrains Rider 2025.2.3\lib\jna\amd64\jnidispatch.dll
0x00007ffa4dd80000 - 0x00007ffa4dd9b000 	C:\Windows\SYSTEM32\CRYPTSP.dll
0x00007ffa4d610000 - 0x00007ffa4d645000 	C:\Windows\system32\rsaenh.dll
0x00007ffa4dda0000 - 0x00007ffa4ddac000 	C:\Windows\SYSTEM32\CRYPTBASE.dll
0x00007ff9e98d0000 - 0x00007ff9e9908000 	D:\application\JetBrains Rider 2025.2.3\bin\WinShellIntegrationBridge.dll
0x00007ffa4e2d0000 - 0x00007ffa4e2e2000 	C:\Windows\SYSTEM32\MSASN1.dll
0x00007ff9f7de0000 - 0x00007ff9f7de9000 	D:\application\JetBrains Rider 2025.2.3\jbr\bin\attach.dll
0x00007ffa4dbb0000 - 0x00007ffa4dbd6000 	C:\Windows\SYSTEM32\gpapi.dll
0x00007ffa50810000 - 0x00007ffa508c0000 	C:\Windows\System32\clbcatq.dll
0x00007ffa2d5b0000 - 0x00007ffa2d65c000 	C:\Windows\System32\appresolver.dll
0x00007ffa4b0d0000 - 0x00007ffa4b1d0000 	C:\Windows\system32\propsys.dll
0x00007ffa2d550000 - 0x00007ffa2d5b0000 	C:\Windows\System32\Bcp47Langs.dll
0x00007ffa511b0000 - 0x00007ffa5122d000 	C:\Windows\System32\coml2.dll
0x00007ff9b5140000 - 0x00007ff9b52f5000 	C:\Windows\System32\TaskFlowDataEngine.dll
0x00007ffa3c630000 - 0x00007ffa3c6e0000 	C:\Windows\System32\OneCoreCommonProxyStub.dll
0x00007ffa43c20000 - 0x00007ffa43c52000 	C:\Windows\SYSTEM32\cryptnet.dll
0x00007ffa4bcb0000 - 0x00007ffa4bcbd000 	C:\Windows\SYSTEM32\WINNSI.DLL
0x00007ffa4e250000 - 0x00007ffa4e29e000 	C:\Windows\SYSTEM32\CFGMGR32.dll
0x00007ffa2d3a0000 - 0x00007ffa2d455000 	C:\Windows\System32\Windows.FileExplorer.Common.dll
0x00007ffa182c0000 - 0x00007ffa182cd000 	C:\Windows\SYSTEM32\LINKINFO.dll
0x00007ffa28ab0000 - 0x00007ffa28b4c000 	C:\Windows\SYSTEM32\ntshrui.dll
0x00007ffa4d910000 - 0x00007ffa4d953000 	C:\Windows\SYSTEM32\SspiCli.dll
0x00007ffa39d30000 - 0x00007ffa39d58000 	C:\Windows\SYSTEM32\srvcli.dll
0x00007ffa2a480000 - 0x00007ffa2a492000 	C:\Windows\SYSTEM32\cscapi.dll
0x00007ffa4b410000 - 0x00007ffa4b4b5000 	C:\Windows\SYSTEM32\policymanager.dll
0x00007ffa4b030000 - 0x00007ffa4b0c3000 	C:\Windows\SYSTEM32\msvcp110_win.dll
0x00007ffa4a3e0000 - 0x00007ffa4a3f9000 	C:\Windows\SYSTEM32\dhcpcsvc6.DLL
0x00007ffa4a3c0000 - 0x00007ffa4a3df000 	C:\Windows\SYSTEM32\dhcpcsvc.DLL
0x00007ffa35f80000 - 0x00007ffa36139000 	C:\Windows\WinSxS\amd64_microsoft.windows.gdiplus_6595b64144ccf1df_1.1.22621.3810_none_57f8d842ce19d879\gdiplus.dll
0x00007ffa2a910000 - 0x00007ffa2aa5e000 	C:\Windows\SYSTEM32\textinputframework.dll
0x00007ffa35bc0000 - 0x00007ffa35c29000 	C:\Windows\system32\Oleacc.dll
0x00007ffa1e590000 - 0x00007ffa1e5a7000 	C:\Windows\SYSTEM32\wtdccm.dll
0x00007ffa454a0000 - 0x00007ffa454b0000 	C:\Windows\system32\wbem\wbemprox.dll
0x00007ffa41db0000 - 0x00007ffa41e30000 	C:\Windows\SYSTEM32\wbemcomn.dll
0x00007ffa36b40000 - 0x00007ffa36b54000 	C:\Windows\system32\wbem\wbemsvc.dll
0x00007ffa36b60000 - 0x00007ffa36c58000 	C:\Windows\system32\wbem\fastprox.dll
0x00007ffa36850000 - 0x00007ffa3686d000 	C:\Windows\SYSTEM32\amsi.dll
0x00007ffa47410000 - 0x00007ffa47543000 	C:\Windows\SYSTEM32\CoreMessaging.dll
0x00007ffa44b00000 - 0x00007ffa44e6d000 	C:\Windows\SYSTEM32\CoreUIComponents.dll
0x00007ff9e7740000 - 0x00007ff9e776d000 	D:\application\JetBrains Rider 2025.2.3\jbr\bin\javajpeg.dll
0x00007ffa35ce0000 - 0x00007ffa35f73000 	C:\Windows\WinSxS\amd64_microsoft.windows.common-controls_6595b64144ccf1df_6.0.22621.3672_none_2713b9d173822955\comctl32.dll
0x00007ffa4b800000 - 0x00007ffa4b9b1000 	C:\Windows\SYSTEM32\WindowsCodecs.dll

JVMTI agents:
D:\application\DataGrip 2024.1.1\Crack\jetbra\ja-netfilter.jar path:D:\application\JetBrains Rider 2025.2.3\jbr\bin\instrument.dll, loaded, initialized, instrumentlib options:jetbrains
C:\Users\Li'ang'C'hen\AppData\Roaming\JetBrains\Rider2025.2\plugins\CodeGlancePro\lib\CodeGlancePro-2.0.1.jar path:D:\application\JetBrains Rider 2025.2.3\jbr\bin\instrument.dll, loaded, initialized, dynamic instrumentlib options:none

dbghelp: loaded successfully - version: 4.0.5 - missing functions: none
symbol engine: initialized successfully - sym options: 0x614 - pdb path: .;D:\application\JetBrains Rider 2025.2.3\bin;C:\Windows\SYSTEM32;D:\application\JetBrains Rider 2025.2.3\jbr\bin\server;D:\application\JetBrains Rider 2025.2.3\jbr\bin;C:\Windows\WinSxS\amd64_microsoft.windows.common-controls_6595b64144ccf1df_5.82.22621.3527_none_b43b7f4b638cc64f;C:\Program Files (x86)\Sangfor\SSL\ClientComponent;C:\ProgramData\A-Volute\A-Volute.Nahimic\Modules\Scheduled\x64;D:\application\JetBrains Rider 2025.2.3\lib\jna\amd64;C:\Windows\WinSxS\amd64_microsoft.windows.gdiplus_6595b64144ccf1df_1.1.22621.3810_none_57f8d842ce19d879;C:\Windows\system32\wbem;C:\Windows\WinSxS\amd64_microsoft.windows.common-controls_6595b64144ccf1df_6.0.22621.3672_none_2713b9d173822955

VM Arguments:
jvm_args: abort vfprintf -XX:ErrorFile=C:\Users\Li'ang'C'hen\java_error_in_rider_%p.log -XX:HeapDumpPath=C:\Users\Li'ang'C'hen\java_error_in_rider.hprof -Xms128m -Xmx2048m -XX:JbrShrinkingGcMaxHeapFreeRatio=40 -XX:ReservedCodeCacheSize=512m -XX:+HeapDumpOnOutOfMemoryError -XX:-OmitStackTraceInFastThrow -XX:CICompilerCount=2 -XX:+IgnoreUnrecognizedVMOptions -XX:+UnlockDiagnosticVMOptions -XX:TieredOldPercentage=100000 -ea -Dsun.io.useCanonCaches=false -Dsun.java2d.metal=true -Djbr.catch.SIGABRT=true -Djdk.http.auth.tunneling.disabledSchemes="" -Djdk.attach.allowAttachSelf=true -Djdk.module.illegalAccess.silent=true -Djdk.nio.maxCachedBufferSize=2097152 -Djava.util.zip.use.nio.for.zip.file.access=true -Dkotlinx.coroutines.debug=off -Djava.nio.file.spi.DefaultFileSystemProvider=com.intellij.platform.core.nio.fs.MultiRoutingFileSystemProvider -Dllm.show.ai.promotion.window.on.start=false -Xms128m -Xmx1024m -XX:ReservedCodeCacheSize=512m -XX:+IgnoreUnrecognizedVMOptions -XX:+UseG1GC -XX:SoftRefLRUPolicyMSPerMB=50 -XX:CICompilerCount=2 -XX:+HeapDumpOnOutOfMemoryError -XX:-OmitStackTraceInFastThrow -ea -Dsun.io.useCanonCaches=false -Djdk.http.auth.tunneling.disabledSchemes="" -Djdk.attach.allowAttachSelf=true -Djdk.module.illegalAccess.silent=true -Dkotlinx.coroutines.debug=off -XX:ErrorFile=$USER_HOME/java_error_in_idea_%p.log -XX:HeapDumpPath=$USER_HOME/java_error_in_idea.hprof --add-opens=java.base/jdk.internal.org.objectweb.asm=ALL-UNNAMED --add-opens=java.base/jdk.internal.org.objectweb.asm.tree=ALL-UNNAMED -javaagent:D:\application\DataGrip 2024.1.1\Crack\jetbra\ja-netfilter.jar=jetbrains -Djb.vmOptionsFile=D:\application\DataGrip 2024.1.1\Crack\jetbra\vmoptions\rider.vmoptions -Xbootclasspath/a:D:\application\JetBrains Rider 2025.2.3\lib\nio-fs.jar -Djava.system.class.loader=com.intellij.util.lang.PathClassLoader -Didea.vendor.name=JetBrains -Didea.paths.selector=Rider2025.2 -Djna.boot.library.path=D:\application\JetBrains Rider 2025.2.3/lib/jna/amd64 -Djna.nosys=true -Djna.noclasspath=true -Dpty4j.preferred.native.folder=D:\application\JetBrains Rider 2025.2.3/lib/pty4j -Dio.netty.allocator.type=pooled -Dintellij.platform.runtime.repository.path=D:\application\JetBrains Rider 2025.2.3/modules/module-descriptors.dat -Didea.platform.prefix=Rider -Dwsl.use.remote.agent.for.nio.filesystem=true -Djava.nio.file.spi.DefaultFileSystemProvider=com.intellij.platform.core.nio.fs.MultiRoutingFileSystemProvider -Dide.native.launcher=true -Didea.class.before.app=com.jetbrains.rider.protocol.EarlyBackendStarter -Didea.show.customize.ide.wizard=true -DFilePageCache.THROW_ERROR_ON_DUPLICATE_STORAGE_REGISTRATION=false -Dsplash=true -Daether.connector.resumeDownloads=false -Dcompose.swing.render.on.graphics=true --add-opens=java.base/java.io=ALL-UNNAMED --add-opens=java.base/java.lang=ALL-UNNAMED --add-opens=java.base/java.lang.ref=ALL-UNNAMED --add-opens=java.base/java.lang.reflect=ALL-UNNAMED --add-opens=java.base/java.net=ALL-UNNAMED --add-opens=java.base/java.nio=ALL-UNNAMED --add-opens=java.base/java.nio.charset=ALL-UNNAMED --add-opens=java.base/java.text=ALL-UNNAMED --add-opens=java.base/java.time=ALL-UNNAMED --add-opens=java.base/java.util=ALL-UNNAMED --add-opens=java.base/java.util.concurrent=ALL-UNNAMED --add-opens=java.base/java.util.concurrent.atomic=ALL-UNNAMED --add-opens=java.base/java.util.concurrent.locks=ALL-UNNAMED --add-opens=java.base/jdk.internal.vm=ALL-UNNAMED --add-opens=java.base/sun.net.dns=ALL-UNNAMED --add-opens=java.base/sun.nio.ch=ALL-UNNAMED --add-opens=java.base/sun.nio.fs=ALL-UNNAMED --add-opens=java.base/sun.security.ssl=ALL-UNNAMED --add-opens=java.base/sun.security.util=ALL-UNNAMED --add-opens=java.desktop/com.sun.java.swing=ALL-UNNAMED --add-opens=java.desktop/java.awt=ALL-UNNAMED --add-opens=java.desktop/java.awt.dnd.peer=ALL-UNNAMED --add-opens=java.desktop/java.awt.event=ALL-UNNAMED --add-opens=java.desktop/java.awt.font=ALL-UNNAMED --add-opens=java.desktop/java.awt.image=ALL-UNNAMED --add-opens=java.desktop/java.awt.peer=ALL-UNNAMED --add-opens=java.desktop/javax.swing=ALL-UNNAMED --add-opens=java.desktop/javax.swing.plaf.basic=ALL-UNNAMED --add-opens=java.desktop/javax.swing.text=ALL-UNNAMED --add-opens=java.desktop/javax.swing.text.html=ALL-UNNAMED --add-opens=java.desktop/javax.swing.text.html.parser=ALL-UNNAMED --add-opens=java.desktop/sun.awt=ALL-UNNAMED --add-opens=java.desktop/sun.awt.datatransfer=ALL-UNNAMED --add-opens=java.desktop/sun.awt.image=ALL-UNNAMED --add-opens=java.desktop/sun.awt.windows=ALL-UNNAMED --add-opens=java.desktop/sun.font=ALL-UNNAMED --add-opens=java.desktop/sun.java2d=ALL-UNNAMED --add-opens=java.desktop/sun.swing=ALL-UNNAMED --add-opens=java.management/sun.management=ALL-UNNAMED --add-opens=jdk.attach/sun.tools.attach=ALL-UNNAMED --add-opens=jdk.compiler/com.sun.tools.javac.api=ALL-UNNAMED --add-opens=jdk.internal.jvmstat/sun.jvmstat.monitor=ALL-UNNAMED --add-opens=jdk.jdi/com.sun.tools.jdi=ALL-UNNAMED -Dide.native.launcher=true -Djcef.sandbox.ptr=000002655494A3F0 -Djcef.sandbox.cefVersion=122.1.9+gd14e051+chromium-122.0.6261.94 
java_command: com.intellij.idea.Main D:\data\code\Unity\Project\ARPG demo\ARPG demo.sln --line -1 --column -1 D:\data\code\Unity\Project\ARPG demo\Assets\Scrips\StateMachine\IState.cs
java_class_path (initial): D:\application\JetBrains Rider 2025.2.3\lib\platform-loader.jar;D:\application\JetBrains Rider 2025.2.3\lib\util-8.jar;D:\application\JetBrains Rider 2025.2.3\lib\app-client.jar;D:\application\JetBrains Rider 2025.2.3\lib\util.jar;D:\application\JetBrains Rider 2025.2.3\lib\product.jar;D:\application\JetBrains Rider 2025.2.3\lib\app.jar;D:\application\JetBrains Rider 2025.2.3\lib\annotations.jar;D:\application\JetBrains Rider 2025.2.3\lib\bouncy-castle.jar;D:\application\JetBrains Rider 2025.2.3\lib\eclipse.lsp4j.debug.jar;D:\application\JetBrains Rider 2025.2.3\lib\eclipse.lsp4j.jar;D:\application\JetBrains Rider 2025.2.3\lib\eclipse.lsp4j.jsonrpc.debug.jar;D:\application\JetBrains Rider 2025.2.3\lib\eclipse.lsp4j.jsonrpc.jar;D:\application\JetBrains Rider 2025.2.3\lib\external-system-rt.jar;D:\application\JetBrains Rider 2025.2.3\lib\externalProcess-rt.jar;D:\application\JetBrains Rider 2025.2.3\lib\forms_rt.jar;D:\application\JetBrains Rider 2025.2.3\lib\groovy.jar;D:\application\JetBrains Rider 2025.2.3\lib\javax.activation.jar;D:\application\JetBrains Rider 2025.2.3\lib\javax.annotation-api.jar;D:\application\JetBrains Rider 2025.2.3\lib\jaxb-api.jar;D:\application\JetBrains Rider 2025.2.3\lib\jaxb-runtime.jar;D:\application\JetBrains Rider 2025.2.3\lib\jps-model.jar;D:\application\JetBrains Rider 2025.2.3\lib\jsch-agent.jar;D:\application\JetBrains Rider 2025.2.3\lib\kotlinx-coroutines-slf4j-1.10.1-intellij.jar;D:\application\JetBrains Rider 2025.2.3\lib\lib-client.jar;D:\application\JetBrains Rider 2025.2.3\lib\lib.jar;D:\application\JetBrains Rider 2025.2.3\lib\opentelemetry.jar;D:\application\JetBrains Rider 2025.2.3\lib\product-client.jar;D:\application\JetBrains Rider 2025.2.3\lib\protobuf.jar;D:\application\JetBrains Rider 2025.2.3\lib\rd.jar;D:\application\JetBrains Rider 2025.2.3\lib\rhino.jar;D:\application\JetBrains Rider 2025.2.3\lib\stats.jar;D:\application\JetBrains Rider 2025.2.3\lib\trove.jar;D:\application\JetBrains Rider 2025.2.3\lib\util_rt.jar
Launcher Type: generic

[Global flags]
     intx CICompilerCount                          = 2                                         {product} {command line}
     uint ConcGCThreads                            = 3                                         {product} {ergonomic}
    ccstr ErrorFile                                = $USER_HOME/java_error_in_idea_%p.log            {product} {command line}
     uint G1ConcRefinementThreads                  = 13                                        {product} {ergonomic}
   size_t G1HeapRegionSize                         = 1048576                                   {product} {ergonomic}
    uintx GCDrainStackTargetSize                   = 64                                        {product} {ergonomic}
     bool HeapDumpOnOutOfMemoryError               = true                                   {manageable} {command line}
    ccstr HeapDumpPath                             = $USER_HOME/java_error_in_idea.hprof         {manageable} {command line}
     bool IgnoreUnrecognizedVMOptions              = true                                      {product} {command line}
   size_t InitialHeapSize                          = 134217728                                 {product} {command line}
    uintx JbrShrinkingGcMaxHeapFreeRatio           = 40                                     {manageable} {command line}
   size_t MarkStackSize                            = 4194304                                   {product} {ergonomic}
   size_t MaxHeapSize                              = 1073741824                                {product} {command line}
   size_t MaxNewSize                               = 643825664                                 {product} {ergonomic}
   size_t MinHeapDeltaBytes                        = 1048576                                   {product} {ergonomic}
   size_t MinHeapSize                              = 134217728                                 {product} {command line}
    uintx NonNMethodCodeHeapSize                   = 5826188                                {pd product} {ergonomic}
    uintx NonProfiledCodeHeapSize                  = 265522362                              {pd product} {ergonomic}
     bool OmitStackTraceInFastThrow                = false                                     {product} {command line}
    uintx ProfiledCodeHeapSize                     = 265522362                              {pd product} {ergonomic}
    uintx ReservedCodeCacheSize                    = 536870912                              {pd product} {command line}
     bool SegmentedCodeCache                       = true                                      {product} {ergonomic}
   size_t SoftMaxHeapSize                          = 1073741824                             {manageable} {ergonomic}
     intx SoftRefLRUPolicyMSPerMB                  = 50                                        {product} {command line}
     intx TieredOldPercentage                      = 100000                                 {diagnostic} {command line}
     bool UnlockDiagnosticVMOptions                = true                                   {diagnostic} {command line}
     bool UseCompressedOops                        = true                           {product lp64_product} {ergonomic}
     bool UseG1GC                                  = true                                      {product} {command line}
     bool UseLargePagesIndividualAllocation        = false                                  {pd product} {ergonomic}

Logging:
Log output configuration:
 #0: stdout all=warning uptime,level,tags foldmultilines=false
 #1: stderr all=off uptime,level,tags foldmultilines=false

Environment Variables:
JAVA_HOME=D:\application\Java\jdk 21.0.7
CLASSPATH=D:\data\code\idea\test\SimpleRemoteServe\classes
PATH=D:\application\Java\jdk 21.0.7\bin;C:\Program Files\Common Files\Oracle\Java\javapath;C:\Windows\system32;C:\Windows;C:\Windows\System32\Wbem;C:\Windows\System32\WindowsPowerShell\v1.0\;C:\Windows\System32\OpenSSH\;C:\Program Files (x86)\NVIDIA Corporation\PhysX\Common;C:\Program Files\NVIDIA Corporation\NVIDIA NvDLISR;D:\应用\Bandizip\;D;\application\Bandizip\;D:\application\VSCode\mingw64\bin;D:\application\Nodejs\;C:\Program Files\dotnet\;D:\application\apache-maven-3.9.10\bin;D:\application\Git\cmd;D:\application\mysql-9.3.0-winx64\bin;D:\application\DataGrip 2024.1.1\bin;D:\Windows Kits\10\Windows Performance Toolkit\;D:\application\Java\jdk 21.0.7\bin;D:\application\Python3.11.9\Scripts\;D:\application\Python3.11.9\;C:\Users\Li'ang'C'hen\AppData\Local\Microsoft\WindowsApps;D:\application\VSCode\mingw64\bin;D:\application\VSCode\Graphviz-12.2.1-win64\bin;C:\Users\Li'ang'C'hen\.lmstudio\bin;C:\Users\Li'ang'C'hen\AppData\Local\Programs\Ollama;C:\Users\Li'ang'C'hen\AppData\Roaming\npm;D:\application\IntelliJ IDEA 2024.2.4\bin;;C:\Users\Li'ang'C'hen\.dotnet\tools;;D:\application\DataGrip 2024.1.1\bin;;D:\application\PyCharm 2025.2.1.1\bin;D:\application\Microsoft VS Code\bin;D:\application\JetBrains Rider 2025.2.3\bin
USERNAME=Li'ang'C'hen
OS=Windows_NT
PROCESSOR_IDENTIFIER=AMD64 Family 25 Model 117 Stepping 2, AuthenticAMD
TMP=C:\Users\LI'ANG~1\AppData\Local\Temp
TEMP=C:\Users\LI'ANG~1\AppData\Local\Temp




Periodic native trim disabled

JNI global refs:
JNI global refs: 143, weak refs: 368

JNI global refs memory usage: 2099, weak refs: 7601

Process memory usage:
Resident Set Size: 1598840K (9% of 16037224K total physical memory with 485044K free physical memory)

OOME stack traces (most recent first):
Classloader memory used:
Loader com.intellij.util.lang.PathClassLoader                                          : 259M
Loader com.intellij.ide.plugins.cl.PluginClassLoader                                   : 118M
Loader bootstrap                                                                       : 54991K
Loader jdk.internal.loader.ClassLoaders$PlatformClassLoader                            : 3309K
Loader jdk.internal.loader.ClassLoaders$AppClassLoader                                 : 1010K
Loader sun.reflect.misc.MethodUtil                                                     : 4384B

Classes loaded by more than one classloader:
Class ai.grazie.DataHolder                                                            : loaded 3 times (x 72B)
Class kotlin.collections.CollectionsKt__ReversedViewsKt                               : loaded 2 times (x 71B)
Class [Lorg.apache.commons.lang3.tuple.ImmutablePair;                                 : loaded 2 times (x 69B)
Class ai.grazie.text.TextRange$Companion                                              : loaded 2 times (x 71B)
Class ai.grazie.nlp.patterns.standard.LikelyPatterns$IsDotInBashCommand$1             : loaded 2 times (x 95B)
Class ai.grazie.nlp.patterns.ext.AbbreviationPatterns$English$1$1                     : loaded 2 times (x 95B)
Class [Lorg.apache.commons.lang3.tuple.Pair;                                          : loaded 2 times (x 69B)
Class [Lai.grazie.nlp.patterns.MatchPattern;                                          : loaded 2 times (x 69B)
Class ai.grazie.nlp.patterns.Pattern                                                  : loaded 2 times (x 70B)
Class ai.grazie.nlp.patterns.standard.LikelyPatterns$IsGermanDateWithDot$1            : loaded 2 times (x 95B)
Class ai.grazie.nlp.patterns.ext.AbbreviationPatterns$German$1$2                      : loaded 2 times (x 95B)
Class ai.grazie.nlp.patterns.ext.AbbreviationPatterns$AbbreviationPattern$delegate$lambda$10$$inlined$sortedBy$1: loaded 2 times (x 89B)
Class ai.grazie.nlp.patterns.standard.LikelyPatterns$IsGermanStreetName$1             : loaded 2 times (x 95B)
Class ai.grazie.nlp.patterns.MatchPattern                                             : loaded 2 times (x 70B)
Class kotlin.collections.CollectionsKt__CollectionsKt                                 : loaded 2 times (x 71B)
Class [Lcom.intellij.cwm.plugin.provisioner.ProvisionedCodeWithMeEnterpriseConfiguration;: loaded 2 times (x 69B)
Class ai.grazie.nlp.patterns.standard.LikelyPatterns$IsCompositeInflection$1$1        : loaded 2 times (x 95B)
Class kotlin.collections.CollectionsKt__IteratorsJVMKt                                : loaded 2 times (x 71B)
Class ai.grazie.nlp.patterns.Pattern$Exclusion                                        : loaded 2 times (x 93B)
Class ai.grazie.nlp.patterns.standard.LikelyPatterns$ChatTextEmoji$1                  : loaded 2 times (x 95B)
Class ai.grazie.nlp.patterns.standard.LikelyPatterns$IsMention$1$1                    : loaded 2 times (x 95B)
Class ai.grazie.nlp.tokenizer.Tokenizer$Keys                                          : loaded 2 times (x 71B)
Class kotlin.collections.CollectionsKt__MutableCollectionsKt                          : loaded 2 times (x 71B)
Class ai.grazie.DataHolder$Key                                                        : loaded 2 times (x 71B)
Class ai.grazie.text.Text                                                             : loaded 2 times (x 85B)
Class kotlin.NotImplementedError                                                      : loaded 2 times (x 82B)
Class ai.grazie.nlp.patterns.standard.LikelyPatterns$Chemical$1$1                     : loaded 2 times (x 95B)
Class ai.grazie.nlp.tokenizer.Tokenizer                                               : loaded 2 times (x 70B)
Class ai.grazie.utils.CollectionsKt                                                   : loaded 2 times (x 71B)
Class ai.grazie.nlp.patterns.ext.AbbreviationPatterns                                 : loaded 2 times (x 71B)
Class kotlin.collections.EmptyList                                                    : loaded 2 times (x 174B)
Class ai.grazie.nlp.patterns.ext.AbbreviationPatterns$MatchingParameters              : loaded 2 times (x 71B)
Class ai.grazie.nlp.patterns.standard.LikelyPatterns$ChainedName$1$1                  : loaded 2 times (x 95B)
Class ai.grazie.nlp.patterns.standard.LikelyPatterns$CommandLineOption$1              : loaded 2 times (x 95B)
Class ai.grazie.nlp.patterns.standard.LikelyPatterns$IsURL$1                          : loaded 2 times (x 93B)
Class kotlin.ResultKt                                                                 : loaded 2 times (x 71B)
Class ai.grazie.utils.mpp.TextRegex                                                   : loaded 2 times (x 71B)
Class ai.grazie.utils.mpp.Platform                                                    : loaded 2 times (x 79B)
Class ai.grazie.nlp.patterns.Pattern$After                                            : loaded 2 times (x 93B)
Class ai.grazie.nlp.patterns.standard.LikelyPatterns$IsCommitHash$1                   : loaded 2 times (x 95B)
Class ai.grazie.nlp.patterns.ext.AbbreviationPatterns$All$1                           : loaded 2 times (x 95B)
Class ai.grazie.nlp.utils.normalization.UnicodePunctuationNormalizer                  : loaded 2 times (x 74B)
Class ai.grazie.nlp.patterns.standard.LikelyPatterns                                  : loaded 2 times (x 71B)
Class ai.grazie.text.ExtensionsKt                                                     : loaded 2 times (x 71B)
Class ai.grazie.nlp.patterns.AhoCorasickPattern$TrieNode                              : loaded 2 times (x 72B)
Class ai.grazie.nlp.patterns.standard.StrictPatterns                                  : loaded 2 times (x 71B)
Class ai.grazie.nlp.tokenizer.NonDestructiveTokenizer                                 : loaded 2 times (x 70B)
Class ai.grazie.nlp.patterns.ext.AbbreviationPatterns$Ukrainian$1$1                   : loaded 2 times (x 95B)
Class ai.grazie.nlp.patterns.AhoCorasickPattern$AhoCorasickBuilder                    : loaded 2 times (x 72B)
Class ai.grazie.nlp.patterns.Pattern$Before                                           : loaded 2 times (x 96B)
Class ai.grazie.nlp.utils.normalization.UnicodePunctuationNormalizer$Companion        : loaded 2 times (x 71B)
Class com.intellij.ultimate.PluginVerifier                                            : loaded 2 times (x 71B)
Class kotlin.UninitializedPropertyAccessException                                     : loaded 2 times (x 82B)
Class ai.grazie.nlp.patterns.standard.LikelyPatterns$IsIBAN$1$1                       : loaded 2 times (x 95B)
Class [Lai.grazie.nlp.patterns.Pattern;                                               : loaded 2 times (x 69B)
Class ai.grazie.nlp.patterns.LambdaMatchPattern                                       : loaded 2 times (x 75B)
Class ai.grazie.nlp.patterns.Pattern$beforeWordBoundary$1                             : loaded 2 times (x 96B)
Class kotlin.coroutines.intrinsics.IntrinsicsKt__IntrinsicsKt                         : loaded 2 times (x 71B)
Class ai.grazie.utils.json.JSON$Companion                                             : loaded 2 times (x 71B)
Class ai.grazie.utils.mpp.Platform$Companion                                          : loaded 2 times (x 71B)
Class kotlin.collections.CollectionsKt__CollectionsJVMKt                              : loaded 2 times (x 71B)
Class kotlin.collections.CollectionsKt__IteratorsKt                                   : loaded 2 times (x 71B)
Class ai.grazie.nlp.patterns.ext.AbbreviationPatterns$UpperCaseSequence$1             : loaded 2 times (x 95B)
Class [Lai.grazie.nlp.patterns.AhoCorasickPattern$AhoCorasickBuilder$AutomataBuilderNode;: loaded 2 times (x 69B)
Class org.apache.commons.lang3.tuple.ImmutablePair                                    : loaded 2 times (x 91B)
Class org.apache.commons.lang3.tuple.Pair                                             : loaded 2 times (x 90B)
Class ai.grazie.nlp.patterns.standard.LikelyPatterns$IsRebusAbbreviation$1            : loaded 2 times (x 95B)
Class ai.grazie.nlp.patterns.standard.LikelyPatterns$IsFilePath$1$1                   : loaded 2 times (x 95B)
Class ai.grazie.model.cloud.exceptions.HTTPStatusException                            : loaded 2 times (x 83B)
Class org.apache.commons.lang3.builder.Builder                                        : loaded 2 times (x 70B)
Class ai.grazie.utils.json.JSON                                                       : loaded 2 times (x 72B)
Class ai.grazie.nlp.patterns.ext.AbbreviationPatterns$AbbreviationPattern             : loaded 2 times (x 94B)
Class ai.grazie.nlp.patterns.AggregatedPattern                                        : loaded 2 times (x 95B)
Class ai.grazie.utils.mpp.PlatformKt$WhenMappings                                     : loaded 2 times (x 71B)
Class ai.grazie.nlp.patterns.standard.LikelyPatterns$IsEmail$1$1                      : loaded 2 times (x 95B)
Class kotlin.collections.EmptyIterator                                                : loaded 2 times (x 89B)
Class ai.grazie.nlp.patterns.Pattern$before$1                                         : loaded 2 times (x 96B)
Class ai.grazie.utils.CollectionFactory                                               : loaded 2 times (x 71B)
Class dk.brics.automaton.Transition                                                   : loaded 2 times (x 77B)
Class dk.brics.automaton.RunAutomaton                                                 : loaded 2 times (x 83B)
Class ai.grazie.nlp.patterns.standard.LikelyPatterns$GeneratedId$1                    : loaded 2 times (x 95B)
Class ai.grazie.nlp.patterns.Pattern$Companion                                        : loaded 2 times (x 71B)
Class ai.grazie.nlp.patterns.ext.AbbreviationPatterns$Russian$1$1                     : loaded 2 times (x 95B)
Class ai.grazie.nlp.patterns.ext.AbbreviationPatterns$latinGreekSIUnits$1             : loaded 2 times (x 95B)
Class kotlin.collections.CollectionsKt___CollectionsJvmKt                             : loaded 2 times (x 71B)
Class ai.grazie.nlp.patterns.standard.LikelyPatterns$IsExcelFormula$1                 : loaded 2 times (x 95B)
Class kotlin.TuplesKt                                                                 : loaded 2 times (x 71B)
Class [Ldk.brics.automaton.Transition;                                                : loaded 2 times (x 69B)
Class com.intellij.cwm.plugin.provisioner.ProvisionedCodeWithMeEnterpriseConfiguration: loaded 2 times (x 78B)
Class ai.grazie.nlp.patterns.Pattern$afterWordBoundary$1                              : loaded 2 times (x 93B)
Class ai.grazie.model.cloud.exceptions.HttpExceptionBase                              : loaded 2 times (x 83B)
Class dk.brics.automaton.BasicAutomata                                                : loaded 2 times (x 71B)
Class dk.brics.automaton.TransitionComparator                                         : loaded 2 times (x 91B)
Class dk.brics.automaton.Automaton                                                    : loaded 2 times (x 134B)
Class ai.grazie.text.TextRange                                                        : loaded 2 times (x 71B)
Class kotlin.collections.CollectionsKt___CollectionsKt                                : loaded 2 times (x 71B)
Class dk.brics.automaton.State                                                        : loaded 2 times (x 86B)
Class ai.grazie.nlp.utils.normalization.Normalizer                                    : loaded 2 times (x 70B)
Class ai.grazie.nlp.patterns.standard.LikelyPatterns$IsGermanOrdinal$1                : loaded 2 times (x 95B)
Class kotlin.collections.CollectionsKt__MutableCollectionsJVMKt                       : loaded 2 times (x 71B)
Class dk.brics.automaton.BasicOperations                                              : loaded 2 times (x 71B)
Class kotlin.coroutines.intrinsics.IntrinsicsKt                                       : loaded 2 times (x 71B)
Class kotlin.jvm.internal.Intrinsics                                                  : loaded 2 times (x 71B)
Class ai.grazie.nlp.patterns.standard.LikelyPatterns$NameInitials$1                   : loaded 2 times (x 95B)
Class ai.grazie.utils.mpp.PlatformKt                                                  : loaded 2 times (x 71B)
Class kotlin.collections.CollectionsKt__IterablesKt                                   : loaded 2 times (x 71B)
Class ai.grazie.nlp.patterns.standard.LikelyPatterns$TicketName$1                     : loaded 2 times (x 95B)
Class ai.grazie.nlp.patterns.standard.LikelyPatterns$IsGermanOrdinalAfterNames$1      : loaded 2 times (x 95B)
Class kotlin.KotlinNullPointerException                                               : loaded 2 times (x 83B)
Class ai.grazie.nlp.patterns.standard.LikelyPatterns$IsInnerSentenceInQuotes$1        : loaded 2 times (x 95B)
Class ai.grazie.nlp.patterns.standard.LikelyPatterns$PunctuationOperator$1$1          : loaded 2 times (x 95B)
Class ai.grazie.nlp.patterns.RegexPattern                                             : loaded 2 times (x 95B)
Class ai.grazie.nlp.patterns.ext.AbbreviationPatterns$AbbreviationPattern$delegate$1$3: loaded 2 times (x 96B)
Class ai.grazie.nlp.patterns.standard.LikelyPatterns$FunctionName$1$1                 : loaded 2 times (x 95B)
Class kotlin.jvm.internal.markers.KMappedMarker                                       : loaded 2 times (x 70B)
Class ai.grazie.nlp.tokenizer.Tokenizer$Token                                         : loaded 2 times (x 72B)
Class ai.grazie.nlp.patterns.AhoCorasickPattern$AhoCorasickBuilder$AutomataBuilderNode: loaded 2 times (x 72B)
Class ai.grazie.nlp.patterns.standard.LikelyPatterns$IsIPv4$1                         : loaded 2 times (x 95B)
Class kotlin.coroutines.intrinsics.IntrinsicsKt__IntrinsicsJvmKt                      : loaded 2 times (x 71B)
Class kotlin.collections.CollectionsKt                                                : loaded 2 times (x 71B)
Class [Lai.grazie.utils.mpp.Platform;                                                 : loaded 2 times (x 69B)
Class ai.grazie.utils.json.JSON$Default                                               : loaded 2 times (x 72B)
Class ai.grazie.nlp.patterns.AhoCorasickPattern                                       : loaded 2 times (x 96B)

---------------  S Y S T E M  ---------------

OS:
 Windows 11 , 64 bit Build 22621 (10.0.22621.3958)
OS uptime: 2 days 19:44 hours

CPU: total 16 (initial active 16) (16 cores per cpu, 2 threads per core) family 25 model 117 stepping 2 microcode 0x0, cx8, cmov, fxsr, ht, mmx, 3dnowpref, sse, sse2, sse3, ssse3, sse4a, sse4.1, sse4.2, popcnt, lzcnt, tsc, tscinvbit, avx, avx2, aes, erms, clmul, bmi1, bmi2, adx, avx512f, avx512dq, avx512cd, avx512bw, avx512vl, sha, fma, vzeroupper, avx512_vpopcntdq, avx512_vpclmulqdq, avx512_vaes, avx512_vnni, clflush, clflushopt, avx512_vbmi2, avx512_vbmi, rdtscp, rdpid, fsrm, gfni, avx512_bitalg, f16c, pku, cet_ss, avx512_ifma
Processor Information for the first 16 processors :
  Max Mhz: 3801, Current Mhz: 3801, Mhz Limit: 3801

Memory: 4k page, system-wide physical 15661M (506M free)
TotalPageFile size 41262M (AvailPageFile size 32M)
current process WorkingSet (physical memory assigned to process): 1560M, peak: 2081M
current process commit charge ("private bytes"): 2214M, peak: 2326M

vm_info: OpenJDK 64-Bit Server VM (21.0.8+1-b1038.72) for windows-amd64 JRE (21.0.8+1-b1038.72), built on 2025-09-08 by "builduser" with MS VC++ 16.10 / 16.11 (VS2019)

END.
